Library Name,Library Version
core,7.28.3
preset-env,7.28.3
mongodb-downloader,0.4.2
eslint-plugin,8.43.0
parser,8.43.0
acquit-ignore,0.2.1
acquit-require,0.1.1
acquit,1.4.0
ajv,8.17.1
assert-browserify,2.0.0
babel-loader,8.2.5
broken-link-checker,0.7.8
bson,6.10.4
buffer,5.7.1
cheerio,1.1.2
parse5,7.3.0
entities,6.0.1
crypto-browserify,3.12.1
dox,1.0.0
commander,9.4.0
eslint-plugin-markdown,5.1.0
eslint-plugin-mocha-no-only,1.2.0
eslint,8.57.1
ajv,6.12.6
chalk,4.1.2
escape-string-regexp,4.0.0
ignore,5.3.2
minimatch,3.1.2
strip-ansi,6.0.1
json-schema-traverse,0.4.1
ansi-styles,4.3.0
supports-color,7.2.0
brace-expansion,1.1.12
ansi-regex,5.0.1
express,4.21.2
debug,2.6.9
ms,2.0.0
fs-extra,11.3.1
highlight.js,11.11.1
kareem,2.6.3
lodash.isequal,4.5.0
lodash.isequalwith,4.4.0
markdownlint-cli2,0.18.1
markdown-it,14.1.0
linkify-it,5.0.0
mdurl,2.0.0
uc.micro,2.1.0
marked,15.0.12
mkdirp,3.0.1
mocha,11.7.2
supports-color,8.1.1
moment,2.30.1
mongodb-memory-server,10.2.0
mongodb-runner,5.9.2
mongodb,6.18.0
mpath,0.9.0
mquery,5.0.0
ms,2.1.3
ncp,2.0.0
nyc,15.1.0
convert-source-map,1.9.0
find-up,4.1.0
foreground-child,2.0.0
glob,7.2.3
resolve-from,5.0.0
signal-exit,3.0.7
yargs,15.4.1
locate-path,5.0.0
cliui,6.0.0
string-width,4.2.3
y18n,4.0.3
yargs-parser,18.1.3
p-locate,4.1.0
wrap-ansi,6.2.0
emoji-regex,8.0.0
camelcase,5.3.1
p-limit,2.3.0
pug,3.0.3
q,1.5.1
sift,17.1.3
sinon,21.0.0
stream-browserify,3.0.0
readable-stream,3.6.2
tsd,0.33.0
globby,11.1.0
slash,3.0.0
typescript,5.9.2
uuid,11.1.0
webpack,5.101.3
eslint-scope,5.1.1
schema-utils,4.3.2
estraverse,4.3.0
remapping,2.3.0
code-frame,7.27.1
generator,7.28.3
helper-compilation-targets,7.27.2
helper-module-transforms,7.28.3
helpers,7.28.4
parser,7.28.4
template,7.27.2
traverse,7.28.4
types,7.28.4
convert-source-map,2.0.0
debug,4.4.1
gensync,1.0.0-beta.2
json5,2.2.3
semver,6.3.1
compat-data,7.28.4
helper-plugin-utils,7.27.1
helper-validator-option,7.27.1
plugin-bugfix-firefox-class-in-computed-class-key,7.27.1
plugin-bugfix-safari-class-field-initializer-scope,7.27.1
plugin-bugfix-safari-id-destructuring-collision-in-function-expression,7.27.1
plugin-bugfix-v8-spread-parameters-in-optional-chaining,7.27.1
plugin-bugfix-v8-static-class-fields-redefine-readonly,7.28.3
plugin-proposal-private-property-in-object,7.21.0-placeholder-for-preset-env.2
plugin-syntax-import-assertions,7.27.1
plugin-syntax-import-attributes,7.27.1
plugin-syntax-unicode-sets-regex,7.18.6
plugin-transform-arrow-functions,7.27.1
plugin-transform-async-generator-functions,7.28.0
plugin-transform-async-to-generator,7.27.1
plugin-transform-block-scoped-functions,7.27.1
plugin-transform-block-scoping,7.28.4
plugin-transform-class-properties,7.27.1
plugin-transform-class-static-block,7.28.3
plugin-transform-classes,7.28.4
plugin-transform-computed-properties,7.27.1
plugin-transform-destructuring,7.28.0
plugin-transform-dotall-regex,7.27.1
plugin-transform-duplicate-keys,7.27.1
plugin-transform-duplicate-named-capturing-groups-regex,7.27.1
plugin-transform-dynamic-import,7.27.1
plugin-transform-explicit-resource-management,7.28.0
plugin-transform-exponentiation-operator,7.27.1
plugin-transform-export-namespace-from,7.27.1
plugin-transform-for-of,7.27.1
plugin-transform-function-name,7.27.1
plugin-transform-json-strings,7.27.1
plugin-transform-literals,7.27.1
plugin-transform-logical-assignment-operators,7.27.1
plugin-transform-member-expression-literals,7.27.1
plugin-transform-modules-amd,7.27.1
plugin-transform-modules-commonjs,7.27.1
plugin-transform-modules-systemjs,7.27.1
plugin-transform-modules-umd,7.27.1
plugin-transform-named-capturing-groups-regex,7.27.1
plugin-transform-new-target,7.27.1
plugin-transform-nullish-coalescing-operator,7.27.1
plugin-transform-numeric-separator,7.27.1
plugin-transform-object-rest-spread,7.28.4
plugin-transform-object-super,7.27.1
plugin-transform-optional-catch-binding,7.27.1
plugin-transform-optional-chaining,7.27.1
plugin-transform-parameters,7.27.7
plugin-transform-private-methods,7.27.1
plugin-transform-private-property-in-object,7.27.1
plugin-transform-property-literals,7.27.1
plugin-transform-regenerator,7.28.4
plugin-transform-regexp-modifiers,7.27.1
plugin-transform-reserved-words,7.27.1
plugin-transform-shorthand-properties,7.27.1
plugin-transform-spread,7.27.1
plugin-transform-sticky-regex,7.27.1
plugin-transform-template-literals,7.27.1
plugin-transform-typeof-symbol,7.27.1
plugin-transform-unicode-escapes,7.27.1
plugin-transform-unicode-property-regex,7.27.1
plugin-transform-unicode-regex,7.27.1
plugin-transform-unicode-sets-regex,7.27.1
preset-modules,0.1.6-no-external-plugins
babel-plugin-polyfill-corejs2,0.4.14
babel-plugin-polyfill-corejs3,0.13.0
babel-plugin-polyfill-regenerator,0.6.5
core-js-compat,3.45.1
decompress,4.2.1
make-dir,1.3.0
pify,3.0.0
mongodb-download-url,1.6.2
semver,7.7.2
node-fetch,2.7.0
whatwg-url,5.0.0
tr46,0.0.3
webidl-conversions,3.0.1
tar,6.2.1
minipass,5.0.0
mkdirp,1.0.4
yallist,4.0.0
regexpp,4.12.1
scope-manager,8.43.0
type-utils,8.43.0
utils,8.43.0
visitor-keys,8.43.0
eslint-visitor-keys,4.2.1
graphemer,1.4.0
ignore,7.0.5
natural-compare,1.4.0
ts-api-utils,2.1.0
types,8.43.0
typescript-estree,8.43.0
archetype,0.13.0
mpath,0.8.4
commander,2.15.1
espree,9.6.1
fast-deep-equal,3.1.3
fast-uri,3.1.0
json-schema-traverse,1.0.0
require-from-string,2.0.2
es6-object-assign,1.1.0
is-nan,1.3.2
object-is,1.1.6
util,0.12.5
find-cache-dir,3.3.2
loader-utils,2.0.4
make-dir,3.1.0
schema-utils,2.7.1
ajv-keywords,3.5.2
bhttp,1.2.8
extend,2.0.2
calmcard,0.1.1
chalk,1.1.3
char-spinner,1.0.1
condense-whitespace,1.0.0
default-user-agent,1.0.0
errno,0.1.8
extend,3.0.2
http-equiv-refresh,1.0.0
humanize-duration,3.33.0
is-stream,1.1.0
is-string,1.1.1
limited-request-queue,2.0.0
link-types,1.1.0
maybe-callback,2.1.0
nopter,0.3.0
camelcase,1.2.1
chalk,0.5.1
object-assign,2.1.1
ansi-styles,1.1.0
has-ansi,0.1.0
strip-ansi,0.3.0
supports-color,0.2.0
ansi-regex,0.2.1
parse5,3.0.3
robot-directives,0.3.0
robots-txt-guard,0.1.1
robots-txt-parse,0.0.4
urlcache,0.7.0
urlobj,0.0.11
base64-js,1.5.1
ieee754,1.2.1
cheerio-select,2.1.0
dom-serializer,2.0.0
domhandler,5.0.3
domutils,3.2.2
encoding-sniffer,0.2.1
htmlparser2,10.0.0
parse5-htmlparser2-tree-adapter,7.1.0
parse5-parser-stream,7.1.2
undici,7.15.0
whatwg-mimetype,4.0.0
browserify-cipher,1.0.1
browserify-sign,4.2.3
create-ecdh,4.0.4
bn.js,4.12.2
create-hash,1.2.0
create-hmac,1.1.7
diffie-hellman,5.0.3
hash-base,3.0.5
inherits,2.0.4
pbkdf2,3.1.3
create-hash,1.1.3
ripemd160,2.0.1
hash-base,2.0.2
public-encrypt,4.0.3
randombytes,2.1.0
randomfill,1.0.4
jsdoctypeparser,9.0.0
markdown-it,13.0.1
entities,3.0.1
mdast-util-from-markdown,0.8.5
micromark,2.11.4
requireindex,1.1.0
eslint-utils,4.9.0
eslintrc,2.1.4
js,8.57.1
config-array,0.13.0
module-importer,1.0.1
fs.walk,1.2.8
structured-clone,1.3.0
cross-spawn,7.0.6
doctrine,3.0.0
eslint-scope,7.2.2
eslint-visitor-keys,3.4.3
esquery,1.6.0
esutils,2.0.3
file-entry-cache,6.0.1
find-up,5.0.0
glob-parent,6.0.2
globals,13.24.0
imurmurhash,0.1.4
is-glob,4.0.3
is-path-inside,3.0.3
js-yaml,4.1.0
json-stable-stringify-without-jsonify,1.0.1
levn,0.4.1
lodash.merge,4.6.2
optionator,0.9.4
text-table,0.2.0
accepts,1.3.8
array-flatten,1.1.1
body-parser,1.20.3
iconv-lite,0.4.24
content-disposition,0.5.4
content-type,1.0.5
cookie-signature,1.0.6
cookie,0.7.1
depd,2.0.0
encodeurl,2.0.0
escape-html,1.0.3
etag,1.8.1
finalhandler,1.3.1
fresh,0.5.2
http-errors,2.0.0
merge-descriptors,1.0.3
methods,1.1.2
on-finished,2.4.1
parseurl,1.3.3
path-to-regexp,0.1.12
proxy-addr,2.0.7
qs,6.13.0
range-parser,1.2.1
safe-buffer,5.2.1
send,0.19.0
encodeurl,1.0.2
serve-static,1.16.2
setprototypeof,1.2.0
statuses,2.0.1
type-is,1.6.18
utils-merge,1.0.1
vary,1.1.2
graceful-fs,4.2.11
jsonfile,6.2.0
universalify,2.0.1
globby,14.1.0
jsonc-parser,3.3.1
markdownlint-cli2-formatter-default,0.0.5
markdownlint,0.38.0
micromatch,4.0.8
browser-stdout,1.3.1
chokidar,4.0.3
diff,7.0.0
glob,10.4.5
he,1.2.0
log-symbols,4.1.0
minimatch,9.0.5
picocolors,1.1.1
serialize-javascript,6.0.2
strip-json-comments,3.1.1
workerpool,9.3.3
yargs-parser,21.1.1
yargs-unparser,2.0.0
decamelize,4.0.0
is-plain-obj,2.1.0
yargs,17.7.2
mongodb-memory-server-core,10.2.0
tar-stream,3.1.7
yauzl,3.2.0
tslib,2.8.1
saslprep,1.3.0
mongodb-connection-string-url,3.0.2
load-nyc-config,1.1.0
js-yaml,3.14.1
argparse,1.0.10
schema,0.1.3
caching-transform,4.0.0
decamelize,1.2.0
get-package-type,0.1.0
istanbul-lib-coverage,3.2.2
istanbul-lib-hook,3.0.0
istanbul-lib-instrument,4.0.3
istanbul-lib-processinfo,2.0.3
uuid,8.3.2
istanbul-lib-report,3.0.1
make-dir,4.0.0
istanbul-lib-source-maps,4.0.1
istanbul-reports,3.2.0
node-preload,0.2.1
p-map,3.0.0
process-on-spawn,1.1.0
rimraf,3.0.2
spawn-wrap,2.0.0
test-exclude,6.0.0
pug-code-gen,3.0.3
pug-filters,4.0.0
pug-lexer,5.0.1
pug-linker,4.0.0
pug-load,3.0.0
pug-parser,6.0.0
pug-runtime,3.0.1
pug-strip-comments,2.0.0
commons,3.0.1
fake-timers,13.0.5
samsam,8.0.3
type-detect,4.1.0
eslint-formatter-pretty,4.1.0
jest-diff,29.7.0
meow,9.0.0
type-fest,0.18.1
yargs-parser,20.2.9
path-exists,4.0.0
read-pkg-up,7.0.1
type-fest,0.8.1
eslint-scope,3.7.7
estree,1.0.8
json-schema,7.0.15
ast,1.14.1
wasm-edit,1.14.1
wasm-parser,1.14.1
acorn-import-phases,1.0.4
acorn,8.15.0
browserslist,4.25.4
chrome-trace-event,1.0.4
enhanced-resolve,5.18.3
es-module-lexer,1.7.0
events,3.3.0
glob-to-regexp,0.4.1
json-parse-even-better-errors,2.3.1
loader-runner,4.3.0
mime-types,2.1.35
neo-async,2.6.2
tapable,2.2.3
terser-webpack-plugin,5.3.14
watchpack,2.4.4
webpack-sources,3.3.3
gen-mapping,0.3.13
trace-mapping,0.3.30
helper-validator-identifier,7.27.1
js-tokens,4.0.0
jsesc,3.1.0
lru-cache,5.1.1
helper-module-imports,7.27.1
helper-globals,7.28.0
helper-string-parser,7.27.1
helper-skip-transparent-expression-wrappers,7.27.1
helper-create-regexp-features-plugin,7.27.1
helper-remap-async-to-generator,7.27.1
helper-create-class-features-plugin,7.28.3
helper-annotate-as-pure,7.27.3
helper-replace-supers,7.27.1
helper-define-polyfill-provider,0.6.5
decompress-tar,4.1.1
decompress-tarbz2,4.1.1
file-type,6.2.0
decompress-targz,4.1.1
decompress-unzip,4.0.1
file-type,3.9.0
pify,2.3.0
strip-dirs,2.1.0
minimist,1.2.8
chownr,2.0.0
fs-minipass,2.1.0
minipass,3.3.6
minizlib,2.1.2
project-service,8.43.0
tsconfig-utils,8.43.0
fast-glob,3.3.3
glob-parent,5.1.2
lodash.clonedeep,4.5.0
lodash.set,4.3.2
acorn-jsx,5.3.2
call-bind,1.0.8
define-properties,1.2.1
is-arguments,1.2.0
is-generator-function,1.1.0
is-typed-array,1.1.15
which-typed-array,1.1.19
commondir,1.0.1
pkg-dir,4.2.0
big.js,5.2.2
emojis-list,3.0.0
bluebird,2.11.0
concat-stream,1.6.2
dev-null,0.1.1
errors,0.2.0
form-data2,1.0.4
uuid,2.0.3
form-fix-array,1.0.0
stream-length,1.0.2
through2-sink,1.0.0
xtend,3.0.0
through2-spy,1.2.0
tough-cookie,2.5.0
ansi-styles,2.2.1
escape-string-regexp,1.0.5
has-ansi,2.0.0
strip-ansi,3.0.1
supports-color,2.0.0
os-name,1.0.3
prr,1.0.1
call-bound,1.0.4
has-tostringtag,1.0.2
is-browser,2.1.0
parse-domain,0.2.2
caller-path,0.1.0
cli-table,0.3.11
eol,0.2.0
nopt,3.0.6
splitargs,0.0.7
node,24.3.1
isbot,2.5.7
useragent,2.3.0
lru-cache,4.1.5
yallist,2.1.2
split,0.3.3
stream-combiner,0.2.2
through,2.3.8
is-object,1.0.2
object-assign,4.1.1
boolbase,1.0.0
css-select,5.2.2
css-what,6.2.2
domelementtype,2.3.0
entities,4.5.0
iconv-lite,0.6.3
whatwg-encoding,3.1.1
browserify-aes,1.2.0
browserify-des,1.0.2
evp_bytestokey,1.0.3
bn.js,5.2.2
browserify-rsa,4.1.1
elliptic,6.6.1
parse-asn1,5.1.7
readable-stream,2.3.8
safe-buffer,5.1.2
cipher-base,1.0.6
md5.js,1.3.5
ripemd160,2.0.2
sha.js,2.4.12
miller-rabin,4.0.1
to-buffer,1.2.1
isarray,2.0.5
argparse,2.0.1
linkify-it,4.0.1
mdurl,1.0.1
uc.micro,1.0.6
mdast,3.0.15
mdast-util-to-string,2.0.0
parse-entities,2.0.0
character-entities,1.2.4
unist-util-stringify-position,2.0.3
import-fresh,3.3.1
object-schema,2.0.3
fs.scandir,2.1.5
fastq,1.19.1
fast-json-stable-stringify,2.1.0
uri-js,4.4.1
path-key,3.1.1
shebang-command,2.0.0
which,2.0.2
esrecurse,4.3.0
estraverse,5.3.0
flat-cache,3.2.0
locate-path,6.0.0
type-fest,0.20.2
is-extglob,2.1.1
prelude-ls,1.2.1
type-check,0.4.0
deep-is,0.1.4
fast-levenshtein,2.0.6
word-wrap,1.2.5
negotiator,0.6.3
bytes,3.1.2
destroy,1.2.0
raw-body,2.5.2
unpipe,1.0.0
toidentifier,1.0.1
ee-first,1.1.1
forwarded,0.2.0
ipaddr.js,1.9.1
side-channel,1.1.0
mime,1.6.0
media-typer,0.3.0
merge-streams,2.3.0
path-type,6.0.0
slash,5.1.0
unicorn-magic,0.3.0
punycode.js,2.3.1
micromark-core-commonmark,2.0.3
micromark-extension-directive,4.0.0
parse-entities,4.0.2
character-entities-legacy,3.0.0
character-reference-invalid,2.0.1
is-alphanumerical,2.0.1
is-decimal,2.0.1
is-hexadecimal,2.0.1
is-alphabetical,2.0.1
micromark-extension-gfm-autolink-literal,2.1.0
micromark-extension-gfm-footnote,2.1.0
micromark-extension-gfm-table,2.1.1
micromark-extension-math,3.1.0
micromark-util-types,2.0.2
micromark,4.0.2
braces,3.0.3
picomatch,2.3.1
readdirp,4.1.2
foreground-child,3.3.1
jackspeak,3.4.3
minipass,7.1.2
package-json-from-dist,1.0.1
path-scurry,1.11.1
lru-cache,10.4.3
is-unicode-supported,0.1.0
brace-expansion,2.0.2
has-flag,4.0.0
camelcase,6.3.0
flat,5.0.2
cliui,8.0.1
wrap-ansi,7.0.0
escalade,3.2.0
get-caller-file,2.0.5
require-directory,2.1.1
y18n,5.0.8
async-mutex,0.5.0
follow-redirects,1.15.11
https-proxy-agent,7.0.6
new-find-package-json,2.0.0
sparse-bitfield,3.0.3
whatwg-url,11.0.5
whatwg-url,14.2.0
hasha,5.2.2
is-stream,2.0.1
package-hash,4.0.0
write-file-atomic,3.0.3
fs.realpath,1.0.0
inflight,1.0.6
once,1.4.0
path-is-absolute,1.0.1
append-transform,2.0.0
archy,1.0.0
source-map,0.6.1
html-escaper,2.0.2
aggregate-error,3.1.0
fromentries,1.3.2
is-windows,1.0.2
require-main-filename,2.0.0
set-blocking,2.0.0
which-module,2.0.1
constantinople,4.0.1
doctypes,1.1.0
js-stringify,1.0.2
pug-attrs,3.0.0
pug-error,2.1.0
void-elements,3.1.0
with,7.0.2
jstransformer,1.0.0
pug-walk,2.0.0
resolve,1.22.10
character-parser,2.2.0
is-expression,4.0.0
acorn,7.4.1
token-stream,1.0.0
type-detect,4.0.8
string_decoder,1.1.1
util-deprecate,1.0.2
eslint,7.29.0
ansi-escapes,4.3.2
type-fest,0.21.3
eslint-rule-docs,1.1.235
plur,4.0.0
supports-hyperlinks,2.3.0
array-union,2.1.0
dir-glob,3.0.1
path-type,4.0.0
merge2,1.4.1
diff-sequences,29.6.3
jest-get-type,29.6.3
pretty-format,29.7.0
ansi-styles,5.2.0
minimist,1.2.5
camelcase-keys,6.2.2
decamelize-keys,1.1.1
map-obj,1.0.1
hard-rejection,2.1.0
minimist-options,4.1.0
normalize-package-data,3.0.3
redent,3.0.0
trim-newlines,3.0.1
read-pkg,5.2.0
normalize-package-data,2.5.0
type-fest,0.6.0
hosted-git-info,2.8.9
semver,5.7.2
helper-numbers,1.13.2
helper-wasm-bytecode,1.13.2
helper-buffer,1.14.1
helper-wasm-section,1.14.1
wasm-gen,1.14.1
wasm-opt,1.14.1
wast-printer,1.14.1
helper-api-error,1.13.2
ieee754,1.13.2
leb128,1.13.2
utf8,1.13.2
caniuse-lite,1.0.30001741
electron-to-chromium,1.5.215
node-releases,2.0.20
update-browserslist-db,1.1.3
mime-db,1.52.0
ajv-formats,2.1.1
ajv-keywords,5.1.0
jest-worker,27.5.1
terser,5.44.0
commander,2.20.3
sourcemap-codec,1.5.5
resolve-uri,3.1.2
yallist,3.1.1
regexpu-core,6.2.0
helper-wrap-function,7.28.3
helper-member-expression-to-functions,7.27.1
helper-optimise-call-expression,7.27.1
lodash.debounce,4.0.8
file-type,5.2.0
tar-stream,1.6.2
seek-bzip,1.0.6
unbzip2-stream,1.4.3
get-stream,2.3.1
yauzl,2.10.0
is-natural-number,4.0.1
fs.stat,2.0.5
call-bind-apply-helpers,1.0.2
es-define-property,1.0.1
get-intrinsic,1.3.0
set-function-length,1.2.2
define-data-property,1.1.4
has-property-descriptors,1.0.2
object-keys,1.1.1
get-proto,1.0.1
safe-regex-test,1.1.0
available-typed-arrays,1.0.7
for-each,0.3.5
gopd,1.2.0
buffer-from,1.1.2
typedarray,0.0.6
combined-stream2,1.1.2
through2,0.5.1
readable-stream,1.0.34
isarray,0.0.1
string_decoder,0.10.31
psl,1.15.0
punycode,2.3.1
ansi-regex,2.1.1
osx-release,1.1.0
win-release,1.1.1
has-symbols,1.1.0
callsites,0.2.0
colors,1.0.3
abbrev,1.1.1
undici-types,7.10.0
tmp,0.0.33
duplexer,0.1.2
nth-check,2.1.1
safer-buffer,2.1.2
buffer-xor,1.0.3
des.js,1.1.0
brorand,1.1.0
hash.js,1.1.7
hmac-drbg,1.0.1
minimalistic-assert,1.0.1
minimalistic-crypto-utils,1.0.1
asn1.js,4.10.1
core-util-is,1.0.3
isarray,1.0.0
process-nextick-args,2.0.1
typed-array-buffer,1.0.3
unist,2.0.11
character-entities-legacy,1.1.4
character-reference-invalid,1.1.4
is-alphanumerical,1.0.4
is-decimal,1.0.4
is-hexadecimal,1.0.4
parent-module,1.0.1
callsites,3.1.0
resolve-from,4.0.0
run-parallel,1.2.0
reusify,1.1.0
color-convert,2.0.1
shebang-regex,3.0.0
isexe,2.0.0
flatted,3.3.3
keyv,4.5.4
p-locate,5.0.0
balanced-match,1.0.2
concat-map,0.0.1
es-errors,1.3.0
object-inspect,1.13.4
side-channel-list,1.0.0
side-channel-map,1.0.1
side-channel-weakmap,1.0.2
decode-named-character-reference,1.2.0
devlop,1.1.0
micromark-factory-destination,2.0.1
micromark-factory-label,2.0.1
micromark-factory-space,2.0.1
micromark-factory-title,2.0.1
micromark-factory-whitespace,2.0.1
micromark-util-character,2.1.1
micromark-util-chunked,2.0.1
micromark-util-classify-character,2.0.1
micromark-util-html-tag-name,2.0.1
micromark-util-normalize-identifier,2.0.1
micromark-util-resolve-all,2.0.1
micromark-util-subtokenize,2.1.0
micromark-util-symbol,2.0.1
micromark-util-sanitize-uri,2.0.1
katex,0.16.7
katex,0.16.22
commander,8.3.0
debug,4.1.12
micromark-util-combine-extensions,2.0.1
micromark-util-decode-numeric-character-reference,2.0.2
micromark-util-encode,2.0.1
fill-range,7.1.1
signal-exit,4.1.0
cliui,8.0.2
strip-ansi,7.1.2
ansi-regex,6.2.2
parseargs,0.11.0
is-fullwidth-code-point,3.0.0
agent-base,7.1.4
b4a,1.6.7
fast-fifo,1.3.2
streamx,2.22.1
buffer-crc32,0.2.13
pend,1.2.0
memory-pager,1.5.0
webidl-conversions,7.0.3
tr46,5.1.1
webidl-conversions,7.0.0
esprima,4.0.1
lodash.flattendeep,4.4.0
release-zalgo,1.0.0
is-typedarray,1.0.0
typedarray-to-buffer,3.1.5
wrappy,1.0.2
default-require-extensions,3.0.1
clean-stack,2.2.0
indent-string,4.0.0
assert-never,1.4.0
babel-walk,3.0.0-canary-5
is-promise,2.2.2
promise,7.3.1
is-core-module,2.16.1
path-parse,1.0.7
supports-preserve-symlinks-flag,1.0.0
is-regex,1.2.1
irregular-plurals,3.5.0
schemas,29.6.3
react-is,18.3.1
map-obj,4.3.0
quick-lru,4.0.1
arrify,1.0.1
is-plain-obj,1.1.0
kind-of,6.0.3
hosted-git-info,4.1.0
lru-cache,6.0.0
validate-npm-package-license,3.0.4
strip-indent,3.0.0
normalize-package-data,2.4.4
parse-json,5.2.0
floating-point-hex-parser,1.13.2
long,4.2.2
ieee754,1.2.0
merge-stream,2.0.0
source-map,0.3.11
source-map-support,0.5.21
regenerate-unicode-properties,10.2.0
regenerate,1.4.2
regjsgen,0.8.0
regjsparser,0.12.0
jsesc,3.0.2
unicode-match-property-ecmascript,2.0.0
unicode-match-property-value-ecmascript,2.2.0
bl,1.2.3
buffer-alloc,1.2.0
end-of-stream,1.4.5
fs-constants,1.0.0
xtend,4.0.2
pinkie-promise,2.0.1
fd-slicer,1.1.0
function-bind,1.1.2
es-object-atoms,1.1.1
hasown,2.0.2
math-intrinsics,1.1.0
dunder-proto,1.0.1
possible-typed-array-names,1.1.0
is-callable,1.2.7
pseudomap,1.0.2
os-tmpdir,1.0.2
is-alphabetical,1.0.4
queue-microtask,1.2.3
color-name,1.1.4
json-buffer,3.0.1
p-limit,3.1.0
character-entities,2.0.2
dequal,2.0.3
ms,2.1.0
to-regex-range,5.0.1
string-width,5.1.2
wrap-ansi,8.1.0
ansi-styles,6.2.3
bare-events,2.6.1
text-decoder,1.2.3
sprintf-js,1.0.3
es6-error,4.1.1
strip-bom,4.0.0
asap,2.0.6
typebox,0.27.8
spdx-correct,3.2.0
spdx-expression-parse,3.0.1
min-indent,1.0.1
error-ex,1.3.2
lines-and-columns,1.2.4
unicode-canonical-property-names-ecmascript,2.0.1
unicode-property-aliases-ecmascript,2.1.0
buffer-alloc-unsafe,1.1.0
buffer-fill,1.0.0
pinkie,2.0.4
yocto-queue,0.1.0
is-number,7.0.0
eastasianwidth,0.2.0
emoji-regex,9.2.2
p-try,2.2.0
spdx-license-ids,3.0.22
spdx-exceptions,2.5.0
is-arrayish,0.2.1
node,16.18.126
ava,3.15.0
c8,7.14.0
execa,6.1.0
log-update,5.0.1
cli-cursor,4.0.0
slice-ansi,5.0.0
restore-cursor,4.0.0
is-fullwidth-code-point,4.0.0
onetime,5.1.2
mimic-fn,2.1.0
matcha,0.7.0
tsd,0.19.1
xo,0.57.0
arrify,3.0.0
eslint-formatter-pretty,6.0.1
eslint,8.56.12
eslint-plugin-prettier,5.5.4
meow,13.2.0
ansi-escapes,6.2.1
chalk,5.6.2
log-symbols,6.0.0
plur,5.1.0
string-width,7.2.0
supports-hyperlinks,3.2.0
eslint,9.6.1
is-unicode-supported,1.3.0
emoji-regex,10.5.0
yoctodelay,2.0.0
react,2.0.0
acorn-walk,8.3.4
arrgv,1.0.2
arrify,2.0.1
chokidar,3.6.0
chunkd,2.0.1
ci-info,2.0.0
ci-parallel-vars,1.0.1
clean-yaml-object,0.1.0
cli-cursor,3.1.0
cli-truncate,2.1.0
code-excerpt,3.0.0
common-path-prefix,3.0.0
concordance,5.0.4
currently-unhandled,0.4.1
del,6.1.1
emittery,0.8.1
equal-length,1.0.1
figures,3.2.0
ignore-by-default,2.1.0
import-local,3.2.0
is-error,2.2.2
is-plain-object,5.0.0
is-promise,4.0.0
lodash,4.17.21
matcher,3.0.0
md5-hex,3.0.1
mem,8.1.1
ora,5.4.1
p-event,4.2.0
p-map,4.0.0
pkg-conf,3.1.0
find-up,3.0.0
locate-path,3.0.0
p-locate,3.0.0
path-exists,3.0.0
pretty-ms,7.0.1
resolve-cwd,3.0.0
stack-utils,2.0.6
escape-string-regexp,2.0.0
supertap,2.0.0
temp-dir,2.0.0
trim-off-newlines,1.0.3
update-notifier,5.1.0
yargs,16.2.0
v8-coverage,0.2.3
v8-to-istanbul,9.3.0
get-stream,6.0.1
human-signals,3.0.1
is-stream,3.0.0
npm-run-path,5.3.0
path-key,4.0.0
onetime,6.0.0
mimic-fn,4.0.0
strip-final-newline,3.0.0
ansi-escapes,5.0.0
electron,0.4.1
v8-argv,0.1.0
typescript,4.5.5
eslintrc,3.3.1
eslint-plugin,6.21.0
parser,6.21.0
cosmiconfig,8.3.6
define-lazy-prop,3.0.0
eslint-config-prettier,9.1.2
eslint-config-xo-typescript,2.1.1
eslint-config-xo,0.44.0
eslint-import-resolver-webpack,0.13.10
debug,3.2.7
resolve,2.0.0-next.5
eslint-plugin-ava,14.0.0
pkg-dir,5.0.0
eslint-plugin-eslint-comments,3.2.0
eslint-plugin-import,2.32.0
doctrine,2.1.0
eslint-plugin-n,16.6.2
eslint-plugin-no-use-extend-native,0.5.0
eslint-plugin-unicorn,51.0.1
ci-info,4.3.0
esm-utils,4.4.2
find-cache-dir,5.0.0
pkg-dir,7.0.0
find-up,6.3.0
locate-path,7.2.0
path-exists,5.0.0
p-locate,6.0.0
p-limit,4.0.0
yocto-queue,1.2.1
find-up-simple,1.0.1
get-stdin,9.0.0
get-tsconfig,4.10.1
lodash-es,4.17.21
open-editor,4.1.1
execa,5.1.1
human-signals,2.1.0
npm-run-path,4.0.1
strip-final-newline,2.0.0
prettier,3.6.2
to-absolute-glob,3.0.0
anymatch,3.1.3
fsevents,2.3.3
is-binary-path,2.1.0
normalize-path,3.0.0
readdirp,3.6.0
restore-cursor,3.1.0
slice-ansi,3.0.0
convert-to-spaces,1.0.2
date-time,3.1.0
fast-diff,1.3.0
js-string-escape,1.0.1
well-known-symbols,2.0.0
array-find-index,1.0.2
is-path-cwd,2.2.0
blueimp-md5,2.19.0
map-age-cleaner,0.1.3
mimic-fn,3.1.0
bl,4.1.0
cli-spinners,2.9.2
is-interactive,1.0.0
wcwidth,1.0.1
p-timeout,3.2.0
load-json-file,5.3.0
type-fest,0.3.1
parse-ms,2.1.0
serialize-error,7.0.1
type-fest,0.13.1
boxen,5.1.2
configstore,5.0.1
has-yarn,2.1.0
import-lazy,2.1.0
is-ci,2.0.0
is-installed-globally,0.4.0
is-npm,5.0.0
is-yarn-global,0.3.0
latest-version,5.1.0
pupa,2.1.1
semver-diff,3.1.1
xdg-basedir,4.0.0
cliui,7.0.4
istanbul-lib-coverage,2.0.6
type-fest,1.4.0
drip,1.1.0
espree,10.4.0
globals,14.0.0
scope-manager,6.21.0
type-utils,6.21.0
utils,6.21.0
visitor-keys,6.21.0
ts-api-utils,1.4.3
types,6.21.0
typescript-estree,6.21.0
minimatch,9.0.3
confusing-browser-globals,1.0.11
enhanced-resolve,0.9.1
find-root,1.1.0
interpret,1.4.0
enhance-visitors,1.0.0
eslint-utils,3.0.0
eslint-visitor-keys,2.1.0
espurify,2.1.1
import-modules,2.1.0
micro-spelling-correcter,1.1.1
scc,1.1.0
array-includes,3.1.9
array.prototype.findlastindex,1.2.6
array.prototype.flat,1.3.3
array.prototype.flatmap,1.3.3
eslint-import-resolver-node,0.3.9
eslint-module-utils,2.12.1
object.fromentries,2.0.8
object.groupby,1.0.3
object.values,1.2.1
string.prototype.trimend,1.0.9
tsconfig-paths,3.15.0
builtins,5.1.0
eslint-plugin-es-x,7.8.0
is-builtin-module,3.2.1
is-get-set-prop,1.0.0
is-js-type,2.0.0
is-obj-prop,1.0.0
is-proto-prop,2.0.0
prettier-linter-helpers,1.0.0
synckit,0.11.11
clean-regexp,1.0.0
pluralize,8.0.0
regexp-tree,0.1.27
regjsparser,0.10.0
jsesc,0.5.0
import-meta-resolve,4.2.0
url-or-path,2.6.1
resolve-pkg-maps,1.0.0
env-editor,1.2.0
line-column-path,3.0.0
type-fest,2.19.0
open,8.4.2
define-lazy-prop,2.0.0
is-absolute,1.0.0
is-negated-glob,1.0.0
binary-extensions,2.3.0
astral-regex,2.0.0
time-zone,1.0.0
p-defer,1.0.0
defaults,1.0.4
p-finally,1.0.0
parse-json,4.0.0
pify,4.0.1
strip-bom,3.0.0
ansi-align,3.0.1
cli-boxes,2.2.1
widest-line,3.1.0
dot-prop,5.3.0
unique-string,2.0.0
global-dirs,3.0.1
package-json,6.5.0
escape-goat,2.1.1
tea-concat,0.1.0
semver,7.7.1
get-east-asian-width,1.4.0
memory-fs,0.2.0
tapable,0.1.10
es-abstract,1.24.0
es-shim-unscopables,1.1.0
json5,0.0.29
json5,1.0.2
eslint-compat-utils,0.5.1
builtin-modules,3.3.0
get-set-props,0.1.0
lowercase-keys,1.0.1
js-types,1.0.0
obj-props,1.4.0
proto-props,2.0.0
core,0.2.9
is-docker,2.2.1
is-wsl,2.2.0
is-relative,1.0.0
string_decoder,1.3.0
clone,1.0.4
json-parse-better-errors,1.0.2
is-obj,2.0.0
crypto-random-string,2.0.0
ini,2.0.0
got,9.6.0
get-stream,4.1.0
registry-auth-token,4.2.2
registry-url,5.1.0
array-buffer-byte-length,1.0.2
arraybuffer.prototype.slice,1.0.4
data-view-buffer,1.0.2
data-view-byte-length,1.0.2
data-view-byte-offset,1.0.1
es-set-tostringtag,2.1.0
es-to-primitive,1.3.0
function.prototype.name,1.1.8
get-symbol-description,1.1.0
globalthis,1.0.4
has-proto,1.2.0
internal-slot,1.1.0
is-array-buffer,3.0.5
is-data-view,1.0.2
is-negative-zero,2.0.3
is-set,2.0.3
is-shared-array-buffer,1.0.4
is-weakref,1.1.1
object.assign,4.1.7
own-keys,1.0.1
regexp.prototype.flags,1.5.4
safe-array-concat,1.1.3
safe-push-apply,1.0.0
set-proto,1.0.0
stop-iteration-iterator,1.1.0
string.prototype.trim,1.2.10
string.prototype.trimstart,1.0.8
typed-array-byte-length,1.0.3
typed-array-byte-offset,1.0.4
typed-array-length,1.0.7
unbox-primitive,1.1.0
is-unc-path,1.0.0
is,0.14.0
http-timer,1.1.2
cacheable-request,6.1.0
get-stream,5.2.0
lowercase-keys,2.0.0
decompress-response,3.3.0
duplexer3,0.1.5
mimic-response,1.0.1
p-cancelable,1.1.0
to-readable-stream,1.0.0
url-parse-lax,3.0.0
rc,1.2.8
ini,1.3.8
is-date-object,1.1.0
is-symbol,1.1.1
functions-have-names,1.2.3
set-function-name,2.0.2
reflect.getprototypeof,1.0.10
has-bigints,1.1.0
which-boxed-primitive,1.1.1
unc-path-regex,0.1.2
defer-to-connect,1.1.3
clone-response,1.0.3
http-cache-semantics,4.2.0
keyv,3.1.0
normalize-url,4.5.1
responselike,1.0.2
pump,3.0.3
prepend-http,2.0.0
deep-extend,0.6.0
strip-json-comments,2.0.1
which-builtin-type,1.2.1
is-bigint,1.1.0
is-boolean-object,1.2.2
is-number-object,1.1.1
json-buffer,3.0.0
is-async-function,2.1.1
is-finalizationregistry,1.1.1
which-collection,1.0.2
async-function,1.0.0
is-map,2.0.3
is-weakmap,2.0.2
is-weakset,2.0.4
jest,29.7.0
node-addon-api,8.3.0
node-gyp-build,4.8.4
prebuildify,6.0.1
npm-run-path,3.1.0
core,29.7.0
types,29.6.3
jest-cli,29.7.0
mkdirp-classic,0.5.3
node-abi,3.74.0
pump,3.0.2
tar-fs,2.1.2
console,29.7.0
reporters,29.7.0
test-result,29.7.0
transform,29.7.0
node,22.13.1
ci-info,3.9.0
exit,0.1.2
jest-changed-files,29.7.0
jest-config,29.7.0
jest-haste-map,29.7.0
jest-message-util,29.7.0
jest-regex-util,29.6.3
jest-resolve-dependencies,29.7.0
jest-resolve,29.7.0
jest-runner,29.7.0
jest-runtime,29.7.0
jest-snapshot,29.7.0
jest-util,29.7.0
jest-validate,29.7.0
jest-watcher,29.7.0
istanbul-reports,3.0.4
yargs,17.0.33
create-jest,29.7.0
end-of-stream,1.4.4
chownr,1.1.4
tar-stream,2.2.0
trace-mapping,0.3.25
collect-v8-coverage,1.0.2
istanbul-lib-instrument,6.0.3
istanbul-reports,3.1.7
jest-worker,29.7.0
string-length,4.0.2
core,7.26.7
babel-plugin-istanbul,6.1.1
istanbul-lib-instrument,5.2.1
pirates,4.0.6
write-file-atomic,4.0.2
undici-types,6.20.0
test-sequencer,29.7.0
babel-jest,29.7.0
deepmerge,4.3.1
jest-circus,29.7.0
jest-environment-node,29.7.0
graceful-fs,4.1.9
fb-watchman,2.0.2
walker,1.0.8
code-frame,7.26.2
stack-utils,2.0.3
jest-pnp-resolver,1.2.3
resolve.exports,2.0.3
environment,29.7.0
emittery,0.13.1
jest-docblock,29.7.0
jest-leak-detector,29.7.0
source-map-support,0.5.13
fake-timers,29.7.0
globals,29.7.0
source-map,29.6.3
cjs-module-lexer,1.4.3
jest-mock,29.7.0
generator,7.26.5
plugin-syntax-jsx,7.25.9
plugin-syntax-typescript,7.25.9
types,7.26.7
expect-utils,29.7.0
babel-preset-current-node-syntax,1.1.0
expect,29.7.0
jest-matcher-utils,29.7.0
leven,3.1.0
istanbul-lib-report,3.0.3
yargs-parser,21.0.3
prompts,2.4.2
sourcemap-codec,1.5.0
parser,7.26.7
debug,4.4.0
char-regex,1.0.2
helper-compilation-targets,7.26.5
helper-module-transforms,7.26.0
helpers,7.26.7
template,7.25.9
traverse,7.26.7
helper-plugin-utils,7.26.5
babel__core,7.20.5
babel-preset-jest,29.6.3
co,4.6.0
dedent,1.5.3
is-generator-fn,2.1.0
jest-each,29.7.0
pure-rand,6.1.0
bser,2.1.1
makeerror,1.0.12
helper-validator-identifier,7.25.9
detect-newline,3.1.0
fake-timers,10.3.0
gen-mapping,0.3.8
helper-string-parser,7.25.9
plugin-syntax-async-generators,7.8.4
plugin-syntax-bigint,7.8.3
plugin-syntax-class-properties,7.12.13
plugin-syntax-class-static-block,7.14.5
plugin-syntax-import-attributes,7.26.0
plugin-syntax-import-meta,7.10.4
plugin-syntax-json-strings,7.8.3
plugin-syntax-logical-assignment-operators,7.10.4
plugin-syntax-nullish-coalescing-operator,7.8.3
plugin-syntax-numeric-separator,7.10.4
plugin-syntax-object-rest-spread,7.8.3
plugin-syntax-optional-catch-binding,7.8.3
plugin-syntax-optional-chaining,7.8.3
plugin-syntax-private-property-in-object,7.14.5
plugin-syntax-top-level-await,7.14.5
kleur,3.0.3
sisteransi,1.0.5
brace-expansion,1.1.11
compat-data,7.26.5
helper-validator-option,7.25.9
browserslist,4.24.4
helper-module-imports,7.25.9
globals,11.12.0
babel__generator,7.6.8
babel__template,7.4.4
babel__traverse,7.20.6
babel-plugin-jest-hoist,29.6.3
node-int64,0.4.0
tmpl,1.0.5
set-array,1.2.1
caniuse-lite,1.0.30001697
electron-to-chromium,1.5.92
node-releases,2.0.19
update-browserslist-db,1.1.2
test,1.55.0
postcss-import,16.1.1
postcss,8.5.6
prettier-plugin-embed,0.5.0
prettier-plugin-organize-imports,4.2.0
tsup,8.5.0
turbo,2.5.6
vitest,2.1.9
pathe,1.1.2
playwright,1.55.0
postcss-value-parser,4.2.0
read-cache,1.0.0
nanoid,3.3.11
source-map-js,1.2.1
dedent,1.7.0
micro-memoize,4.1.3
package-up,5.0.0
tiny-jsonc,1.0.2
type-fest,4.41.0
bundle-require,5.1.0
cac,6.7.14
consola,3.4.2
esbuild,0.25.9
fix-dts-default-cjs-exports,1.0.1
joycon,3.1.1
postcss-load-config,6.0.1
rollup,4.50.1
source-map,0.8.0-beta.0
sucrase,3.35.0
tinyexec,0.3.2
tinyglobby,0.2.15
tree-kill,1.2.2
turbo-darwin-64,2.5.6
turbo-darwin-arm64,2.5.6
turbo-linux-64,2.5.6
turbo-linux-arm64,2.5.6
turbo-windows-64,2.5.6
turbo-windows-arm64,2.5.6
expect,2.1.9
mocker,2.1.9
pretty-format,2.1.9
runner,2.1.9
snapshot,2.1.9
spy,2.1.9
utils,2.1.9
chai,5.3.3
expect-type,1.2.2
magic-string,0.30.19
std-env,3.9.0
tinybench,2.9.0
tinypool,1.1.1
tinyrainbow,1.2.0
vite-node,2.1.9
vite,5.4.20
esbuild,0.21.5
aix-ppc64,0.21.5
android-arm,0.21.5
android-arm64,0.21.5
android-x64,0.21.5
darwin-arm64,0.21.5
darwin-x64,0.21.5
freebsd-arm64,0.21.5
freebsd-x64,0.21.5
linux-arm,0.21.5
linux-arm64,0.21.5
linux-ia32,0.21.5
linux-loong64,0.21.5
linux-mips64el,0.21.5
linux-ppc64,0.21.5
linux-riscv64,0.21.5
linux-s390x,0.21.5
linux-x64,0.21.5
netbsd-x64,0.21.5
openbsd-x64,0.21.5
sunos-x64,0.21.5
win32-arm64,0.21.5
win32-ia32,0.21.5
win32-x64,0.21.5
why-is-node-running,2.3.0
fsevents,2.3.2
playwright-core,1.55.0
load-tsconfig,0.2.5
aix-ppc64,0.25.9
android-arm,0.25.9
android-arm64,0.25.9
android-x64,0.25.9
darwin-arm64,0.25.9
darwin-x64,0.25.9
freebsd-arm64,0.25.9
freebsd-x64,0.25.9
linux-arm,0.25.9
linux-arm64,0.25.9
linux-ia32,0.25.9
linux-loong64,0.25.9
linux-mips64el,0.25.9
linux-ppc64,0.25.9
linux-riscv64,0.25.9
linux-s390x,0.25.9
linux-x64,0.25.9
netbsd-arm64,0.25.9
netbsd-x64,0.25.9
openbsd-arm64,0.25.9
openbsd-x64,0.25.9
openharmony-arm64,0.25.9
sunos-x64,0.25.9
win32-arm64,0.25.9
win32-ia32,0.25.9
win32-x64,0.25.9
mlly,1.8.0
lilconfig,3.1.3
rollup-android-arm-eabi,4.50.1
rollup-android-arm64,4.50.1
rollup-darwin-arm64,4.50.1
rollup-darwin-x64,4.50.1
rollup-freebsd-arm64,4.50.1
rollup-freebsd-x64,4.50.1
rollup-linux-arm-gnueabihf,4.50.1
rollup-linux-arm-musleabihf,4.50.1
rollup-linux-arm64-gnu,4.50.1
rollup-linux-arm64-musl,4.50.1
rollup-linux-loongarch64-gnu,4.50.1
rollup-linux-ppc64-gnu,4.50.1
rollup-linux-riscv64-gnu,4.50.1
rollup-linux-riscv64-musl,4.50.1
rollup-linux-s390x-gnu,4.50.1
rollup-linux-x64-gnu,4.50.1
rollup-linux-x64-musl,4.50.1
rollup-openharmony-arm64,4.50.1
rollup-win32-arm64-msvc,4.50.1
rollup-win32-ia32-msvc,4.50.1
rollup-win32-x64-msvc,4.50.1
whatwg-url,7.1.0
commander,4.1.1
mz,2.7.0
pirates,4.0.7
ts-interface-checker,0.1.13
fdir,6.5.0
picomatch,4.0.3
estree-walker,3.0.3
tinyspy,3.0.2
loupe,3.2.1
assertion-error,2.0.1
check-error,2.1.1
deep-eql,5.0.2
pathval,2.0.1
siginfo,2.0.0
stackback,0.0.2
pathe,2.0.3
pkg-types,1.3.1
ufo,1.6.1
lodash.sortby,4.7.0
tr46,1.0.1
webidl-conversions,4.0.2
any-promise,1.3.0
thenify-all,1.6.0
confbox,0.1.8
thenify,3.3.1
chai-connect-middleware,0.3.1
chai-passport-strategy,0.2.0
chai,2.3.0
make-node,0.3.5
mocha,2.5.3
passport-strategy,1.0.0
pause,0.0.1
proxyquire,1.4.0
assertion-error,1.0.0
deep-eql,0.1.3
commander,2.3.0
debug,2.2.0
diff,1.4.0
escape-string-regexp,1.0.2
glob,3.2.11
growl,1.9.2
jade,0.26.3
commander,0.6.1
mkdirp,0.3.0
mkdirp,0.5.1
supports-color,1.2.0
to-iso-string,0.0.2
type-detect,0.1.1
ms,0.7.1
minimatch,0.3.0
minimist,0.0.8
lru-cache,2.7.3
sigmund,1.0.1
core,7.24.7
plugin-transform-object-assign,7.24.7
preset-env,7.24.7
register,7.24.6
webtransport-transport-http3-quiche,1.1.4
webtransport,1.1.4
plugin-alias,5.1.0
slash,4.0.0
plugin-babel,6.0.4
plugin-commonjs,26.0.1
foreground-child,3.2.1
jackspeak,3.4.2
brace-expansion,2.0.1
lru-cache,10.4.2
plugin-node-resolve,15.2.3
fake-timers,11.2.2
cluster-engine,0.1.0
component-emitter,3.1.2
postgres-adapter,0.1.1
msgpack,2.7.2
socket.io-adapter,2.3.3
postgres-emitter,0.1.1
expect.js,0.3.32
mocha,10.0.7
node,18.15.3
pg,8.15.5
sinonjs__fake-timers,8.1.5
cli,8.39.1
node,20.14.10
chalk,5.3.0
read-pkg-up,10.0.0
read-pkg,8.1.0
type-fest,4.21.0
type-fest,3.13.1
normalize-package-data,6.0.2
parse-json,7.1.1
hosted-git-info,7.0.2
semver,7.6.2
json-parse-even-better-errors,3.0.2
lines-and-columns,2.0.4
yocto-queue,1.1.1
local-runner,8.39.1
mocha-framework,8.39.0
sauce-service,8.39.1
spec-reporter,8.39.0
babel-loader,9.1.3
find-cache-dir,4.0.0
base64-arraybuffer,1.0.2
benchmark,2.1.4
blob,0.1.0
cookie,0.7.2
eiows,7.1.0
engine.io-client,3.5.2
debug,3.1.0
engine.io-parser,2.2.1
xmlhttprequest-ssl,1.6.3
base64-arraybuffer,0.1.4
blob,0.0.5
engine.io-client,6.6.3
engine.io-parser,5.2.3
engine.io,6.6.4
expect.js,0.3.1
express-session,1.18.0
cookie-signature,1.0.7
cookie,0.6.0
express,4.19.2
has-cors,1.1.0
helmet,7.1.0
ioredis,5.4.1
mocha,10.6.0
glob,8.1.0
minimatch,5.1.6
node-forge,1.3.1
nyc,17.0.0
pg,8.16.3
prettier,3.3.3
redis,4.6.15
rimraf,6.0.0
glob,11.0.0
minimatch,10.0.1
rollup-plugin-terser,7.0.2
serialize-javascript,4.0.0
rollup,2.79.1
should,13.2.3
socket.io-adapter,2.5.5
socket.io-client,2.5.0
engine.io-client,3.5.4
socket.io-parser,3.3.3
isarray,2.0.1
socket.io-client,4.8.1
socket.io-msgpack-parser,3.0.2
socket.io-parser,4.2.4
socket.io,4.8.1
superagent,9.0.2
mime,2.6.0
supertest,7.0.0
text-blob-builder,0.0.1
ts-loader,9.5.1
enhanced-resolve,5.17.0
source-map,0.7.4
tapable,2.2.1
ts-node,10.9.2
acorn-walk,8.3.3
diff,4.0.2
tsd,0.31.1
typescript,5.5.3
uWebSockets.js,20.48.0
wdio-geckodriver-service,5.0.2
code-frame,7.24.7
generator,7.24.7
helper-compilation-targets,7.24.7
helper-module-transforms,7.24.7
helpers,7.24.7
parser,7.24.7
template,7.24.7
traverse,7.24.7
types,7.24.7
debug,4.3.5
helper-plugin-utils,7.24.7
compat-data,7.24.7
helper-validator-option,7.24.7
plugin-bugfix-firefox-class-in-computed-class-key,7.24.7
plugin-bugfix-safari-id-destructuring-collision-in-function-expression,7.24.7
plugin-bugfix-v8-spread-parameters-in-optional-chaining,7.24.7
plugin-bugfix-v8-static-class-fields-redefine-readonly,7.24.7
plugin-syntax-dynamic-import,7.8.3
plugin-syntax-export-namespace-from,7.8.3
plugin-syntax-import-assertions,7.24.7
plugin-syntax-import-attributes,7.24.7
plugin-transform-arrow-functions,7.24.7
plugin-transform-async-generator-functions,7.24.7
plugin-transform-async-to-generator,7.24.7
plugin-transform-block-scoped-functions,7.24.7
plugin-transform-block-scoping,7.24.7
plugin-transform-class-properties,7.24.7
plugin-transform-class-static-block,7.24.7
plugin-transform-classes,7.24.7
plugin-transform-computed-properties,7.24.7
plugin-transform-destructuring,7.24.7
plugin-transform-dotall-regex,7.24.7
plugin-transform-duplicate-keys,7.24.7
plugin-transform-dynamic-import,7.24.7
plugin-transform-exponentiation-operator,7.24.7
plugin-transform-export-namespace-from,7.24.7
plugin-transform-for-of,7.24.7
plugin-transform-function-name,7.24.7
plugin-transform-json-strings,7.24.7
plugin-transform-literals,7.24.7
plugin-transform-logical-assignment-operators,7.24.7
plugin-transform-member-expression-literals,7.24.7
plugin-transform-modules-amd,7.24.7
plugin-transform-modules-commonjs,7.24.7
plugin-transform-modules-systemjs,7.24.7
plugin-transform-modules-umd,7.24.7
plugin-transform-named-capturing-groups-regex,7.24.7
plugin-transform-new-target,7.24.7
plugin-transform-nullish-coalescing-operator,7.24.7
plugin-transform-numeric-separator,7.24.7
plugin-transform-object-rest-spread,7.24.7
plugin-transform-object-super,7.24.7
plugin-transform-optional-catch-binding,7.24.7
plugin-transform-optional-chaining,7.24.7
plugin-transform-parameters,7.24.7
plugin-transform-private-methods,7.24.7
plugin-transform-private-property-in-object,7.24.7
plugin-transform-property-literals,7.24.7
plugin-transform-regenerator,7.24.7
plugin-transform-reserved-words,7.24.7
plugin-transform-shorthand-properties,7.24.7
plugin-transform-spread,7.24.7
plugin-transform-sticky-regex,7.24.7
plugin-transform-template-literals,7.24.7
plugin-transform-typeof-symbol,7.24.7
plugin-transform-unicode-escapes,7.24.7
plugin-transform-unicode-property-regex,7.24.7
plugin-transform-unicode-regex,7.24.7
plugin-transform-unicode-sets-regex,7.24.7
babel-plugin-polyfill-corejs2,0.4.11
babel-plugin-polyfill-corejs3,0.10.4
babel-plugin-polyfill-regenerator,0.6.2
core-js-compat,3.37.1
clone-deep,4.0.1
find-cache-dir,2.1.0
make-dir,2.1.0
bindings,1.5.0
cmake-js,7.3.0
semver,7.6.3
node-addon-api,7.1.1
prebuild-install,7.1.2
helper-module-imports,7.24.7
pluginutils,5.1.0
estree-walker,2.0.2
is-reference,1.2.1
magic-string,0.30.10
resolve,1.20.2
is-module,1.0.0
resolve,1.22.8
msgpack,2.8.0
debug,4.3.1
ms,0.7.34
pg-protocol,1.10.3
pg-types,2.2.0
snapshot,1.6.0
config,8.39.0
decamelize,6.0.0
globals,8.39.1
logger,8.38.0
strip-ansi,7.1.0
ansi-regex,6.0.1
protocols,8.38.0
types,8.39.0
utils,8.39.0
async-exit-hook,2.0.1
dotenv,16.4.5
ejs,3.1.10
execa,8.0.1
get-stream,8.0.1
import-meta-resolve,4.1.0
inquirer,9.2.12
lodash.pickby,4.6.0
lodash.union,4.6.0
recursive-readdir,2.2.3
webdriverio,8.39.1
is-plain-obj,4.1.0
repl,8.24.12
runner,8.39.1
split2,4.2.0
stream-buffers,3.0.3
ip,2.0.1
saucelabs,7.5.0
reporter,8.39.0
easy-table,1.2.0
schema-utils,4.2.0
ajv,8.16.0
webpack,5.92.1
schema-utils,3.3.0
platform,1.3.6
esm,3.2.25
component-emitter,1.3.1
component-inherit,0.0.3
indexof,0.0.1
parseqs,0.0.6
parseuri,0.0.6
ws,8.17.1
yeast,0.1.2
xmlhttprequest-ssl,2.1.1
cors,2.8.17
base64id,2.0.0
cors,2.8.5
debug,4.3.3
on-headers,1.0.2
uid-safe,2.1.5
body-parser,1.20.2
finalhandler,1.2.0
merge-descriptors,1.0.1
path-to-regexp,0.1.7
qs,6.11.0
send,0.18.0
serve-static,1.15.0
commands,1.2.0
cluster-key-slot,1.1.2
denque,2.1.0
lodash.defaults,4.2.0
lodash.isarguments,3.1.0
redis-errors,1.2.0
redis-parser,3.0.0
standard-as-callback,2.1.0
ansi-colors,4.1.3
diff,5.2.0
workerpool,6.5.1
process-on-spawn,1.0.0
pg-cloudflare,1.2.7
pg-connection-string,2.9.1
pg-pool,3.10.1
pgpass,1.0.5
bloom,1.2.0
client,1.5.17
graph,1.1.1
json,1.0.6
search,1.1.6
time-series,1.0.5
jest-worker,26.6.2
terser,5.31.1
should-equal,2.0.0
should-format,3.0.3
should-type-adaptors,1.1.0
should-type,1.4.0
should-util,1.0.1
backo2,1.0.2
component-bind,1.0.0
has-binary2,1.0.3
to-array,0.1.4
debug,4.3.4
notepack.io,2.2.0
cookiejar,2.1.4
fast-safe-stringify,2.1.1
form-data,4.0.0
formidable,3.5.1
micromatch,4.0.7
source-map-support,0.8.1
trace-mapping,0.3.9
node10,1.0.11
node12,1.0.11
node14,1.0.3
node16,1.0.4
acorn,8.12.1
arg,4.1.3
create-require,1.1.1
make-error,1.3.6
v8-compile-cache-lib,3.0.1
yn,3.1.1
typescript,5.4.5
fs-extra,11.2.0
geckodriver,4.4.1
tar-fs,3.0.6
which,4.0.0
isexe,3.1.1
get-port,7.1.0
wait-port,1.1.0
commander,9.5.0
gen-mapping,0.3.5
highlight,7.24.7
picocolors,1.0.1
jsesc,2.5.2
browserslist,4.23.1
helper-environment-visitor,7.24.7
helper-simple-access,7.24.7
helper-split-export-declaration,7.24.7
helper-validator-identifier,7.24.7
helper-function-name,7.24.7
helper-hoist-variables,7.24.7
helper-string-parser,7.24.7
to-fast-properties,2.0.0
ms,2.1.2
helper-skip-transparent-expression-wrappers,7.24.7
helper-create-regexp-features-plugin,7.24.7
helper-remap-async-to-generator,7.24.7
helper-create-class-features-plugin,7.24.7
helper-annotate-as-pure,7.24.7
helper-replace-supers,7.24.7
helper-builder-binary-assignment-operator-visitor,7.24.7
regenerator-transform,0.15.2
helper-define-polyfill-provider,0.6.2
is-plain-object,2.0.4
shallow-clone,3.0.1
pkg-dir,3.0.0
file-uri-to-path,1.0.0
axios,1.7.7
lodash.isplainobject,4.0.6
memory-stream,1.0.0
node-api-headers,1.3.0
npmlog,6.0.2
url-join,4.0.1
detect-libc,2.0.3
expand-template,2.0.3
github-from-package,0.0.0
napi-build-utils,1.0.2
node-abi,3.71.0
pump,3.0.0
simple-get,4.0.1
tar-fs,2.1.1
tunnel-agent,0.6.0
estree,0.0.52
package-json-from-dist,1.0.0
sourcemap-codec,1.4.15
is-core-module,2.14.0
pg-int8,1.0.1
postgres-array,2.0.0
postgres-bytea,1.0.0
postgres-date,1.0.7
postgres-interval,1.2.0
undici-types,5.26.5
deepmerge-ts,5.1.0
expect-webdriverio,4.15.1
loglevel-plugin-prefix,0.8.4
loglevel,1.9.1
browsers,1.9.1
tar-fs,3.0.4
edgedriver,5.6.0
locate-app,2.4.21
type-fest,2.13.0
safaridriver,0.1.2
jake,10.9.1
cross-spawn,7.0.3
human-signals,5.0.0
through,2.3.13
cli-width,4.1.0
external-editor,3.1.0
figures,5.0.0
escape-string-regexp,5.0.0
mute-stream,1.0.0
run-async,3.0.0
rxjs,7.8.1
archiver,7.0.1
buffer-crc32,1.0.0
readable-stream,4.5.2
buffer,6.0.3
aria-query,5.3.0
css-shorthand-properties,1.1.1
css-value,0.0.1
devtools-protocol,0.0.1302984
devtools,8.39.1
puppeteer-core,20.3.0
uuid,9.0.1
browsers,1.3.0
chromium-bidi,0.4.9
cross-fetch,3.1.6
devtools-protocol,0.0.1120988
http-proxy-agent,5.0.0
https-proxy-agent,5.0.1
yargs,17.7.1
agent-base,6.0.2
grapheme-splitter,1.0.4
jszip,3.10.1
lodash.zip,4.2.0
puppeteer-core,20.9.0
browsers,1.4.6
devtools-protocol,0.0.1147663
proxy-agent,6.3.0
lru-cache,7.18.3
query-selector-shadow-dom,1.0.1
resq,1.11.0
fast-deep-equal,2.0.1
rgb2hex,0.2.5
serialize-error,11.0.3
webdriver,8.39.0
got,12.6.1
is,5.6.0
http-timer,5.0.1
cacheable-lookup,7.0.0
cacheable-request,10.2.14
http2-wrapper,2.2.1
lowercase-keys,3.0.0
p-cancelable,3.0.0
responselike,3.0.0
mimic-response,4.0.0
normalize-url,8.0.1
escalade,3.1.2
gaze,1.1.3
change-case,4.1.2
compressing,1.10.1
iconv-lite,0.5.2
got,11.8.6
query-string,7.1.3
tunnel,0.0.6
object-inspect,1.13.2
ast,1.12.1
wasm-edit,1.12.1
wasm-parser,1.12.1
acorn-import-attributes,1.9.5
es-module-lexer,1.5.4
terser-webpack-plugin,5.3.10
watchpack,2.4.1
webpack-sources,3.2.3
after,0.8.2
arraybuffer.slice,0.0.7
random-bytes,1.0.0
side-channel,1.0.6
generic-pool,3.9.0
jackspeak,4.0.1
path-scurry,2.0.0
lru-cache,11.0.0
source-map,0.3.6
asynckit,0.4.0
combined-stream,1.0.8
dezalgo,1.0.4
hexoid,1.0.0
fast-glob,3.3.2
ignore,5.3.1
yargs-parser,20.2.4
jsonfile,6.1.0
zip.js,2.7.45
http-proxy-agent,7.0.2
https-proxy-agent,7.0.5
node-fetch,3.3.2
chalk,2.4.2
supports-color,5.5.0
has-flag,3.0.0
caniuse-lite,1.0.30001640
electron-to-chromium,1.4.818
node-releases,2.0.14
update-browserslist-db,1.1.0
regexpu-core,5.3.2
helper-wrap-function,7.24.7
helper-member-expression-to-functions,7.24.7
helper-optimise-call-expression,7.24.7
runtime,7.24.7
regenerator-runtime,0.14.1
isobject,3.0.1
follow-redirects,1.15.9
proxy-from-env,1.1.0
are-we-there-yet,3.0.1
console-control-strings,1.1.0
gauge,4.0.4
decompress-response,6.0.0
mimic-response,3.1.0
simple-concat,1.0.1
ansi-styles,6.2.1
extract-zip,2.0.1
progress,2.0.3
proxy-agent,6.3.1
edge-paths,3.0.5
utils,0.58.0
userhome,1.0.0
async,3.2.5
filelist,1.0.4
call-bind,1.0.7
chardet,0.7.0
tslib,2.6.3
archiver-utils,5.0.2
readdir-glob,1.1.3
zip-stream,6.0.1
chrome-launcher,1.1.2
ua-parser-js,1.0.38
lie,3.3.0
pako,1.0.11
setimmediate,1.0.5
chromium-bidi,0.4.16
cross-fetch,4.0.0
ws,8.5.10
ky,0.33.3
globule,1.3.4
glob,7.1.7
minimatch,3.0.8
camel-case,4.1.2
capital-case,1.0.4
constant-case,3.0.4
dot-case,3.0.4
header-case,2.0.4
no-case,3.0.4
param-case,3.0.4
pascal-case,3.1.2
path-case,3.0.4
sentence-case,3.0.4
snake-case,3.0.4
yauzl,2.11.0
flushwritable,1.0.0
get-ready,1.0.0
mkdirp,0.5.6
streamifier,0.1.1
yazl,2.5.1
is,4.6.0
http-timer,4.0.6
cacheable-request,6.0.3
responselike,1.0.3
cacheable-lookup,5.0.4
cacheable-request,7.0.4
http2-wrapper,1.0.3
p-cancelable,2.1.1
responselike,2.0.1
decode-uri-component,0.2.2
filter-obj,1.1.0
split-on-first,1.1.0
strict-uri-encode,2.0.0
helper-numbers,1.11.6
helper-wasm-bytecode,1.11.6
helper-buffer,1.12.1
helper-wasm-section,1.12.1
wasm-gen,1.12.1
wasm-opt,1.12.1
wast-printer,1.12.1
helper-api-error,1.11.6
ieee754,1.11.6
leb128,1.11.6
utf8,1.11.6
get-intrinsic,1.2.4
delayed-stream,1.0.0
agent-base,7.1.1
data-uri-to-buffer,4.0.1
fetch-blob,3.2.0
formdata-polyfill,4.0.10
bare-fs,2.3.1
bare-path,2.1.3
ansi-styles,3.2.1
regenerate-unicode-properties,10.1.1
regjsparser,0.9.1
unicode-match-property-value-ecmascript,2.1.0
delegates,1.0.0
aproba,2.0.0
color-support,1.1.3
has-unicode,2.0.1
wide-align,1.1.5
yauzl,2.10.3
pac-proxy-agent,7.0.2
socks-proxy-agent,8.0.4
buffer,5.2.1
spacetrim,0.11.36
es-define-property,1.0.0
lazystream,1.0.1
abort-controller,3.0.0
process,0.11.10
b4a,1.6.6
streamx,2.18.0
compress-commons,6.0.2
lighthouse-logger,2.0.1
immediate,3.0.6
mitt,3.0.0
form-data-encoder,2.1.4
upper-case-first,2.0.2
upper-case,2.0.2
lower-case,2.0.2
fd-slicer2,1.2.0
to-buffer,1.1.1
defer-to-connect,2.0.1
http-cache-semantics,4.0.4
keyv,3.1.4
http-cache-semantics,4.1.1
normalize-url,6.1.0
quick-lru,5.1.1
resolve-alpn,1.2.1
floating-point-hex-parser,1.11.6
has-proto,1.0.3
has-symbols,1.0.3
fastq,1.17.1
node-domexception,1.0.0
web-streams-polyfill,3.3.3
bare-events,2.4.2
bare-stream,2.1.3
bare-os,2.4.0
color-convert,1.9.3
unicode-canonical-property-names-ecmascript,2.0.0
quickjs-emscripten,0.23.0
get-uri,6.0.3
data-uri-to-buffer,6.0.2
pac-resolver,7.0.1
socks,2.8.3
gopd,1.0.1
event-target-shim,5.0.1
queue-tick,1.0.1
text-decoder,1.1.1
crc-32,1.2.2
crc32-stream,6.0.0
marky,1.2.5
reusify,1.0.4
spdx-license-ids,3.0.18
color-name,1.1.3
yargs,17.0.32
basic-ftp,5.0.5
degenerator,5.0.1
escodegen,2.1.0
netmask,2.0.2
ip-address,9.0.5
jsbn,1.1.0
sprintf-js,1.1.3
smart-buffer,4.2.0
once,2.0.0
ast-types,0.13.4
node,18.11.3
decache,4.6.2
sinon,14.0.1
standard-version,9.5.0
standard,17.0.0
tap,19.2.5
typescript,4.8.4
callsite,1.0.0
commons,1.8.3
fake-timers,9.1.2
samsam,6.1.1
nise,5.1.1
conventional-changelog-config-spec,2.1.0
conventional-changelog-conventionalcommits,4.6.3
conventional-changelog,3.1.25
conventional-recommended-bump,6.1.0
detect-indent,6.1.0
dotgitignore,2.1.0
git-semver-tags,4.1.1
stringify-package,1.0.1
eslint-config-standard-jsx,11.0.0
eslint-config-standard,17.0.0
eslint-plugin-import,2.26.0
eslint-plugin-n,15.3.0
eslint-plugin-promise,6.1.1
eslint-plugin-react,7.31.10
resolve,2.0.0-next.4
eslint,8.25.0
eslint-scope,7.1.1
standard-engine,15.0.0
after-each,2.0.8
after,1.1.31
asserts,2.0.8
before-each,2.0.8
before,2.0.8
chdir,1.1.4
core,2.1.6
filter,2.0.8
fixture,2.0.8
rimraf,5.0.10
intercept,2.0.8
mock,2.1.6
node-serialize,2.0.8
run,2.1.7
snapshot,2.0.8
spawn,2.0.8
stdin,2.0.8
test,2.2.4
typescript,1.4.13
worker,2.0.8
resolve-import,1.4.6
lodash.get,4.4.2
text-encoding,0.7.2
just-extend,4.2.1
path-to-regexp,1.9.0
compare-func,2.0.0
conventional-changelog-angular,5.0.13
conventional-changelog-atom,2.0.8
conventional-changelog-codemirror,2.0.8
conventional-changelog-core,4.2.4
conventional-changelog-ember,2.0.9
conventional-changelog-eslint,3.0.9
conventional-changelog-express,2.0.6
conventional-changelog-jquery,3.0.11
conventional-changelog-jshint,2.0.9
conventional-changelog-preset-loader,2.3.4
concat-stream,2.0.0
conventional-commits-filter,2.0.7
conventional-commits-parser,3.2.4
git-raw-commits,2.0.11
meow,8.1.2
escalade,3.1.1
array-includes,3.1.5
array.prototype.flat,1.3.0
eslint-import-resolver-node,0.3.6
eslint-module-utils,2.7.4
has,1.0.3
is-core-module,2.11.0
object.values,1.1.5
resolve,1.22.1
tsconfig-paths,3.14.1
builtins,5.0.1
eslint-plugin-es,4.1.0
eslint-utils,2.1.0
eslint-visitor-keys,1.3.0
ignore,5.2.0
array.prototype.flatmap,1.3.0
jsx-ast-utils,3.3.3
object.entries,1.1.5
object.fromentries,2.0.5
object.hasown,1.1.1
prop-types,15.8.1
string.prototype.matchall,4.0.7
eslintrc,1.3.3
config-array,0.10.7
eslint-visitor-keys,3.3.0
espree,9.4.0
esquery,1.4.0
globals,13.17.0
import-fresh,3.3.0
js-sdsl,4.1.5
optionator,0.9.1
regexpp,3.2.0
get-stdin,8.0.0
minimist,1.2.7
function-loop,4.0.0
is-actual-promise,1.0.2
stack,2.0.1
tcompare,7.0.1
trivial-deferred,2.0.0
processinfo,3.1.8
async-hook-domain,4.0.1
tap-parser,16.0.1
tap-yaml,2.2.2
walk-up-path,3.0.1
error-serdes,2.0.1
config,3.1.6
reporter,2.0.8
c8,9.1.0
foreground-child,3.3.0
opener,1.5.2
pacote,17.0.7
fs-minipass,3.0.3
npm-package-arg,11.0.3
ssri,10.0.6
validate-npm-package-name,5.0.1
ts-node-temp-fork-for-pr-2009,10.9.7
sync-content,1.0.2
tshy,1.18.0
polite-json,5.0.0
typescript,5.7.2
array-ify,1.0.0
add-stream,1.0.0
conventional-changelog-writer,5.0.1
dateformat,3.0.3
get-pkg-repo,4.2.1
through2,2.0.5
readable-stream,2.3.7
git-remote-origin-url,2.0.0
read-pkg-up,3.0.0
find-up,2.1.0
locate-path,2.0.0
p-locate,2.0.0
p-limit,1.3.0
p-try,1.0.0
read-pkg,3.0.0
load-json-file,4.0.0
path-type,3.0.0
through2,4.0.2
readable-stream,3.6.0
lodash.ismatch,4.4.0
modify-values,1.0.1
is-text-path,1.0.1
JSONStream,1.3.5
split2,3.2.2
dargs,7.0.0
minimist,1.2.2
decamelize-keys,1.1.0
call-bind,1.0.2
define-properties,1.1.4
es-abstract,1.20.4
get-intrinsic,1.1.3
is-string,1.0.7
es-shim-unscopables,1.0.0
function-bind,1.1.1
object.assign,4.1.4
loose-envify,1.4.0
react-is,16.13.1
internal-slot,1.0.3
regexp.prototype.flags,1.4.3
side-channel,1.0.4
object-schema,1.2.1
acorn,8.14.0
flat-cache,3.0.4
fast-glob,3.2.12
react-element-to-jsx-string,15.0.0
react-is,18.1.0
events-to-array,2.0.3
yaml-types,0.3.0
yaml,2.6.1
polite-json,4.0.1
ink,4.4.1
indent-string,5.0.0
slice-ansi,6.0.0
type-fest,0.12.0
ansi-regex,6.1.0
patch-console,2.0.0
prismjs-terminal,1.2.3
react,18.3.1
string-length,6.0.0
git,5.0.8
ini,4.1.3
installed-package-contents,2.1.0
promise-spawn,7.0.2
run-script,7.0.4
cacache,18.0.4
npm-packlist,8.0.2
npm-pick-manifest,9.1.0
npm-registry-fetch,16.2.1
proc-log,4.2.0
promise-retry,2.0.1
read-package-json-fast,3.0.2
read-package-json,7.0.1
sigstore,2.3.1
node14,14.1.2
node16,16.1.3
node18,18.2.4
node20,20.1.4
handlebars,4.7.7
json-stringify-safe,5.0.1
split,1.0.1
parse-repository-url,3.0.2
gitconfiglocal,1.0.0
text-extensions,1.9.0
jsonparse,1.3.1
has-property-descriptors,1.0.0
es-to-primitive,1.2.1
function.prototype.name,1.1.5
get-symbol-description,1.0.0
is-negative-zero,2.0.2
is-regex,1.1.4
is-shared-array-buffer,1.0.2
is-weakref,1.0.2
object-inspect,1.12.2
safe-regex-test,1.0.0
string.prototype.trimend,1.0.5
string.prototype.trimstart,1.0.5
unbox-primitive,1.0.2
has-tostringtag,1.0.0
punycode,2.1.1
flatted,3.2.7
graceful-fs,4.2.10
pretty-print-object,1.0.1
react-dom,18.3.1
ansi-tokenize,0.1.3
auto-bind,5.0.1
cli-boxes,3.0.0
cli-truncate,3.1.0
code-excerpt,4.0.0
is-ci,3.0.1
is-lower-case,2.0.2
is-upper-case,2.0.2
react-reconciler,0.29.2
scheduler,0.23.2
widest-line,4.0.1
ws,8.18.0
yoga-wasm-web,0.3.3
prismjs,1.29.0
promise-inflight,1.0.1
npm-bundled,3.0.1
npm-normalize-package-bin,3.0.1
node-gyp,3.0.0
package-json,5.2.1
node-gyp,10.3.1
fs,3.1.1
minipass-collect,2.0.1
minipass-flush,1.0.5
minipass-pipeline,1.2.4
unique-filename,3.0.0
ignore-walk,6.0.5
npm-install-checks,6.3.0
redact,1.1.0
make-fetch-happen,13.0.1
minipass-fetch,3.0.5
minipass-json-stream,1.0.2
err-code,2.0.3
retry,0.12.0
bundle,2.3.2
core,1.1.0
protobuf-specs,0.3.2
sign,2.3.2
tuf,2.3.4
verify,1.2.1
uglify-js,3.17.3
wordwrap,1.0.0
spdx-correct,3.1.1
normalize-package-data,2.4.1
is-date-object,1.0.5
is-symbol,1.0.4
has-bigints,1.0.2
which-boxed-primitive,1.0.2
fastq,1.13.0
convert-to-spaces,2.0.1
env-paths,2.2.1
exponential-backoff,3.1.1
nopt,7.2.1
minipass,3.3.4
unique-slug,4.0.0
agent,2.2.2
is-lambda,1.0.1
negotiator,0.6.4
encoding,0.1.13
minipass-sized,1.0.3
tuf-js,2.2.1
core-util-is,1.0.2
spdx-license-ids,3.0.12
spdx-exceptions,2.3.0
is-bigint,1.0.4
is-boolean-object,1.1.2
is-number-object,1.0.7
abbrev,2.0.0
models,2.0.1
picocolors,1.0.0
canonical-json,2.0.0
core,7.27.4
preset-env,7.27.2
preset-react,7.27.1
preset-typescript,7.27.1
register,7.27.1
cli,4.7.0
yarn-plugin-cyclonedx,3.1.1
eslint-plugin-eslint-comments,4.5.0
js,9.28.0
markdown,6.4.0
globals,30.1.2
test-utils,30.1.2
cli,4.3.0
exec,4.3.0
publish,4.3.0
api-extractor,7.52.8
babel__generator,7.27.0
node,18.14.6
which,3.0.4
types,4.0.1
babel-jest,30.1.2
babel-loader,9.2.1
dedent,1.6.0
eslint-config-prettier,10.1.5
eslint-import-resolver-typescript,4.4.2
eslint-plugin-import-x,4.15.0
eslint-plugin-jest,28.12.0
eslint-plugin-jsdoc,50.7.1
eslint-plugin-prettier,5.4.1
eslint-plugin-promise,7.2.1
eslint-plugin-unicorn,59.0.1
eslint,9.28.0
find-process,1.4.10
globals,16.2.0
isbinaryfile,5.0.4
jest-changed-files,30.0.5
jest-junit,16.0.0
jest-mock,30.0.5
jest-serializer-ansi-escapes,3.0.0
jest-silent-reporter,0.6.0
jest-snapshot,30.1.2
jest-util,30.0.5
jest-watch-typeahead,2.2.2
jest,30.1.3
jquery,3.7.1
mock-fs,5.5.0
netlify-plugin-cache,1.0.3
node-notifier,10.0.1
prettier,3.5.3
promise,8.3.0
tempy,1.0.1
tstyche,4.0.0
typescript-eslint,8.38.0
typescript,5.5.4
webpack-node-externals,3.0.0
webpack,5.99.9
estree,1.0.7
acorn,8.14.1
browserslist,4.24.5
enhanced-resolve,5.18.1
tapable,2.2.2
webpack-sources,3.3.0
terser,5.39.2
ajv,8.13.0
caniuse-lite,1.0.30001718
electron-to-chromium,1.5.158
eslint-plugin,8.38.0
parser,8.38.0
typescript-estree,8.38.0
utils,8.38.0
eslint-utils,4.7.0
scope-manager,8.38.0
types,8.38.0
visitor-keys,8.38.0
project-service,8.38.0
tsconfig-utils,8.38.0
type-utils,8.38.0
ignore,7.0.4
type-fest,0.16.0
spdx-license-ids,3.0.21
growly,1.3.0
shellwords,0.1.1
core,30.1.3
types,30.0.5
jest-cli,30.1.3
test-result,30.1.3
exit-x,0.2.2
jest-config,30.1.3
jest-validate,30.1.0
get-type,30.1.0
pretty-format,30.0.5
schemas,30.0.5
react-test-renderer,18.3.1
react,18.3.22
immutable,5.1.2
react-shallow-renderer,16.15.0
prop-types,15.7.14
csstype,3.1.3
typebox,0.34.33
pattern,30.0.1
test-sequencer,30.1.3
micromatch,4.0.9
parse-json,4.0.2
ci-info,4.2.0
esbuild,0.25.5
esbuild-register,3.6.0
jest-circus,30.1.3
jest-docblock,30.0.1
jest-environment-node,30.1.2
jest-regex-util,30.0.1
jest-resolve,30.1.3
jest-runner,30.1.3
console,30.1.2
environment,30.1.2
transform,30.1.2
source-map-support,0.5.10
jest-haste-map,30.1.0
jest-jasmine2,30.1.3
jest-leak-detector,30.1.0
jest-message-util,30.1.0
jest-runtime,30.1.3
jest-watcher,30.1.3
jest-worker,30.1.0
supports-color,8.1.3
ungap__structured-clone,1.2.0
worker-farm,1.7.0
fake-timers,30.1.2
source-map,30.0.1
cjs-module-lexer,2.1.0
babel__code-frame,7.0.6
expect,30.1.2
co,4.6.6
jest-each,30.1.0
jest-matcher-utils,30.1.2
jest-diff,30.1.2
diff-sequences,30.0.1
jest,2.1.1
fast-check,4.1.1
pure-rand,7.0.1
expect-utils,30.1.2
fb-watchman,2.0.5
node-gyp,11.2.0
exponential-backoff,3.1.2
make-fetch-happen,14.0.3
nopt,8.1.0
proc-log,5.0.0
tar,7.4.3
tinyglobby,0.2.14
which,5.0.0
fdir,6.4.4
picomatch,4.0.2
fs-minipass,4.0.1
chownr,3.0.0
minizlib,3.0.2
yallist,5.0.0
abbrev,3.0.1
agent,3.0.0
cacache,19.0.1
minipass-fetch,4.0.1
negotiator,1.0.0
ssri,12.0.0
fs,4.0.0
p-map,7.0.3
unique-filename,4.0.0
unique-slug,5.0.0
agent-base,7.1.3
socks-proxy-agent,8.0.5
socks,2.8.4
convert-source-map,2.0.3
write-file-atomic,4.0.3
babel-plugin-istanbul,7.0.1
write-file-atomic,5.0.1
parser,7.27.5
types,7.27.3
unrs-resolver,1.7.11
url,0.11.4
punycode,1.4.1
qs,6.14.0
resolver-binding-darwin-arm64,1.7.11
resolver-binding-darwin-x64,1.7.11
resolver-binding-freebsd-x64,1.7.11
resolver-binding-linux-arm-gnueabihf,1.7.11
resolver-binding-linux-arm-musleabihf,1.7.11
resolver-binding-linux-arm64-gnu,1.7.11
resolver-binding-linux-arm64-musl,1.7.11
resolver-binding-linux-ppc64-gnu,1.7.11
resolver-binding-linux-riscv64-gnu,1.7.11
resolver-binding-linux-riscv64-musl,1.7.11
resolver-binding-linux-s390x-gnu,1.7.11
resolver-binding-linux-x64-gnu,1.7.11
resolver-binding-linux-x64-musl,1.7.11
resolver-binding-wasm32-wasi,1.7.11
resolver-binding-win32-arm64-msvc,1.7.11
resolver-binding-win32-ia32-msvc,1.7.11
resolver-binding-win32-x64-msvc,1.7.11
napi-postinstall,0.2.4
wasm-runtime,0.2.10
core,1.4.3
runtime,1.4.3
wasm-util,0.9.0
wasi-threads,1.0.2
clsx,2.1.1
aix-ppc64,0.25.5
android-arm64,0.25.5
android-arm,0.25.5
android-x64,0.25.5
darwin-arm64,0.25.5
darwin-x64,0.25.5
freebsd-arm64,0.25.5
freebsd-x64,0.25.5
linux-arm64,0.25.5
linux-arm,0.25.5
linux-ia32,0.25.5
linux-loong64,0.25.5
linux-mips64el,0.25.5
linux-ppc64,0.25.5
linux-riscv64,0.25.5
linux-s390x,0.25.5
linux-x64,0.25.5
netbsd-arm64,0.25.5
netbsd-x64,0.25.5
openbsd-arm64,0.25.5
openbsd-x64,0.25.5
sunos-x64,0.25.5
win32-arm64,0.25.5
win32-ia32,0.25.5
win32-x64,0.25.5
braces,3.0.5
reporters,30.1.3
jest-resolve-dependencies,30.1.3
istanbul-lib-instrument,1.7.7
istanbul-lib-source-maps,4.0.4
node-notifier,8.0.5
istanbul-lib-source-maps,5.0.6
babel-types,7.0.16
chalk,5.4.1
string-length,5.0.1
char-regex,2.0.2
picomatch,4.0.0
generator,7.27.5
plugin-syntax-jsx,7.27.1
plugin-syntax-typescript,7.27.1
preset-flow,7.27.1
snapshot-utils,30.1.2
prettier,2.7.3
semver,7.7.0
prettier,2.8.8
synckit,0.11.8
core,0.2.4
natural-compare,1.4.3
plugin-transform-flow-strip-types,7.27.1
plugin-syntax-flow,7.27.1
jest-util,26.6.2
types,26.6.2
yargs,15.0.19
pretty-ansi,2.0.0
xml,1.0.1
commander,12.1.0
loglevel,1.9.2
config-array,0.20.0
config-helpers,0.2.2
core,0.14.0
plugin-kit,0.3.1
node,0.16.6
retry,0.4.3
eslint-scope,8.3.0
espree,10.3.0
file-entry-cache,8.0.0
flat-cache,4.0.1
core,0.19.1
retry,0.3.1
object-schema,2.1.6
plugin-kit,0.2.8
core-js-compat,3.42.0
is-builtin-module,5.0.0
strip-indent,4.0.0
builtin-modules,5.0.0
core,0.13.0
jsdoccomment,0.50.2
are-docs-informative,0.0.2
comment-parser,1.4.1
parse-imports-exports,0.2.4
spdx-expression-parse,4.0.0
parse-statements,1.0.11
jsdoc-type-pratt-parser,4.1.0
eslint-import-context,0.1.6
stable-hash,0.0.5
is-bun-module,2.0.0
babel-preset-jest,30.0.1
babel-plugin-jest-hoist,30.0.1
sync,0.5.5
babel__traverse,7.20.7
babel-plugin-tester,11.0.4
core-js,3.42.0
lodash.mergewith,4.6.2
make-synchronized,0.4.2
api-extractor-model,7.30.6
tsdoc-config,0.17.1
tsdoc,0.15.1
node-core-library,5.13.1
rig-package,0.5.3
terminal,0.15.3
ts-command-line,5.0.1
semver,7.5.4
argparse,1.0.38
string-argv,0.3.2
ajv-draft-04,1.0.0
ajv-formats,3.0.1
fs-extra,11.3.0
import-lazy,4.0.0
jju,1.4.0
ajv,8.12.0
core,4.3.0
npmlog,4.1.2
version,4.3.0
arborist,9.1.1
package-json,6.2.0
byte-size,9.0.1
columnify,1.6.0
libnpmaccess,10.0.1
libnpmpublish,11.0.0
npm-package-arg,12.0.2
npm-packlist,10.0.0
npm-registry-fetch,18.0.2
p-pipe,4.0.0
pacote,21.0.0
tinyrainbow,2.0.0
git,6.0.3
installed-package-contents,3.0.0
promise-spawn,8.0.2
run-script,9.1.0
npm-pick-manifest,10.0.0
sigstore,3.1.0
bundle,3.1.0
core,2.0.0
protobuf-specs,0.4.2
sign,3.1.0
tuf,3.1.1
verify,2.1.1
tuf-js,3.0.1
models,3.0.1
npm-install-checks,7.1.1
npm-normalize-package-bin,4.0.0
node-gyp,4.0.0
npm-bundled,4.0.0
ini,5.0.0
redact,3.2.2
ignore-walk,7.0.0
hosted-git-info,8.1.0
validate-npm-package-name,6.0.0
normalize-package-data,7.0.0
json-parse-even-better-errors,4.0.0
string-locale-compare,1.1.0
map-workspaces,4.0.2
metavuln-calculator,9.0.0
name-from-folder,3.0.0
query,4.0.1
bin-links,5.0.0
common-ancestor-path,1.0.1
json-stringify-nice,1.1.4
parse-conflict-json,4.0.0
proggy,3.0.0
promise-all-reject-late,1.0.1
promise-call-limit,3.0.2
read-package-json-fast,4.0.0
treeverse,3.0.0
walk-up-path,4.0.0
just-diff-apply,5.5.0
just-diff,6.0.2
cmd-shim,7.0.0
read-cmd-shim,5.0.0
write-file-atomic,6.0.0
postcss-selector-parser,7.1.0
cssesc,3.0.0
git-client,2.5.1
plugin-enterprise-rest,6.0.1
rest,22.0.0
conventional-changelog-angular,8.0.0
conventional-changelog-writer,8.1.0
conventional-changelog,7.0.2
conventional-commits-parser,6.1.0
conventional-recommended-bump,11.1.0
git-url-parse,16.1.0
is-stream,4.0.1
load-json-file,7.0.1
new-github-release-url,2.0.0
p-limit,6.2.0
p-reduce,3.0.0
pify,6.1.0
write-json-file,6.0.0
detect-indent,7.0.1
sort-keys,5.1.0
git-up,8.1.1
is-ssh,1.4.1
parse-url,9.2.0
parse-path,7.0.3
parse-path,7.1.0
protocols,2.0.2
conventional-changelog-preset-loader,5.0.0
conventional-commits-filter,5.0.0
child-process-utils,1.0.0
stream-utils,1.1.0
fd-package-json,1.2.0
handlebars,4.7.8
uglify-js,3.19.3
core,7.0.2
plugin-paginate-rest,13.0.1
plugin-request-log,6.0.0
plugin-rest-endpoint-methods,16.0.0
types,14.1.0
openapi-types,25.1.0
auth-token,6.0.0
graphql,9.0.1
request-error,7.0.0
request,10.0.2
before-after-hook,4.0.0
universal-user-agent,7.0.3
endpoint,11.0.0
fast-content-type-parse,3.0.0
init,4.3.0
dotenv,16.5.0
yargs,18.0.0
cliui,9.0.1
yargs-parser,22.0.0
emoji-regex,10.4.0
get-east-asian-width,1.3.0
wrap-ansi,9.0.0
expand,4.0.15
input,4.1.12
select,4.2.3
config-chain,1.1.13
cosmiconfig,9.0.0
execa,9.6.0
multimatch,7.0.0
p-queue,8.1.0
strong-log-transformer,2.1.0
write-package,7.1.0
yaml,2.8.0
deepmerge-ts,7.1.5
read-pkg,9.0.1
parse-json,8.3.0
unicorn-magic,0.1.0
index-to-position,1.1.0
eventemitter3,5.0.1
p-timeout,6.1.4
array-differ,4.0.0
array-union,3.0.1
merge-streams,4.0.0
figures,6.1.0
get-stream,9.0.1
human-signals,8.0.1
npm-run-path,6.0.0
pretty-ms,9.2.0
strip-final-newline,4.0.0
yoctocolors,2.1.1
parse-ms,4.0.0
readable-stream,0.4.1
is-unicode-supported,2.1.0
proto-list,1.2.4
core,10.1.13
figures,1.0.12
type,3.0.7
yoctocolors-cjs,2.1.2
mute-stream,2.0.0
profiler,4.3.0
upath,2.0.1
core,0.10.0
mdast-util-from-markdown,2.0.2
mdast-util-frontmatter,2.0.1
mdast-util-gfm,3.1.0
micromark-extension-frontmatter,2.0.0
micromark-extension-gfm,3.0.0
micromark-extension-gfm-strikethrough,2.1.0
micromark-extension-gfm-tagfilter,2.0.0
micromark-extension-gfm-task-list-item,2.1.0
decode-named-character-reference,1.1.0
fault,2.0.1
format,0.2.2
mdast-util-gfm-autolink-literal,2.0.1
mdast-util-gfm-footnote,2.1.0
mdast-util-gfm-strikethrough,2.0.0
mdast-util-gfm-table,2.0.0
mdast-util-gfm-task-list-item,2.0.0
mdast-util-to-markdown,2.1.2
mdast,4.0.4
unist,3.0.3
longest-streak,3.1.0
mdast-util-phrasing,4.1.0
mdast-util-to-string,4.0.0
micromark-util-decode-string,2.0.1
unist-util-visit,5.0.0
zwitch,2.0.4
unist-util-is,6.0.0
unist-util-visit-parents,6.0.1
markdown-table,3.0.4
ccount,2.0.1
mdast-util-find-and-replace,3.0.2
unist-util-stringify-position,4.0.0
command-exists-promise,2.0.2
shelljs,0.8.5
rechoir,0.6.2
plugin-transform-typescript,7.27.1
helper-annotate-as-pure,7.27.1
helper-create-class-features-plugin,7.27.1
traverse,7.27.4
plugin-transform-react-display-name,7.27.1
plugin-transform-react-jsx,7.27.1
plugin-transform-react-jsx-development,7.27.1
plugin-transform-react-pure-annotations,7.27.1
compat-data,7.27.2
plugin-bugfix-v8-static-class-fields-redefine-readonly,7.27.1
plugin-transform-async-generator-functions,7.27.1
plugin-transform-block-scoping,7.27.1
plugin-transform-class-static-block,7.27.1
plugin-transform-classes,7.27.1
plugin-transform-destructuring,7.27.1
plugin-transform-object-rest-spread,7.27.2
plugin-transform-parameters,7.27.1
plugin-transform-regenerator,7.27.1
babel-plugin-polyfill-corejs2,0.4.13
babel-plugin-polyfill-corejs3,0.11.1
babel-plugin-polyfill-regenerator,0.6.4
helper-define-polyfill-provider,0.6.4
helper-module-transforms,7.27.3
helper-wrap-function,7.27.1
helpers,7.27.4
cli,19.8.1
tinyexec,1.0.1
config-angular,19.8.1
js,9.35.0
common,11.1.6
core,11.1.6
platform-express,11.1.6
testing,11.1.6
jest,30.0.0
node,22.18.1
axios,1.11.0
eslint-config-prettier,10.1.8
eslint,9.35.0
globals,16.3.0
husky,9.1.7
lint-staged,16.1.6
chalk,5.6.0
reflect-metadata,0.2.2
release-it,19.0.4
mime-types,3.0.1
mime-db,1.54.0
rimraf,6.0.1
rxjs,7.8.2
ts-jest,29.4.1
typescript-eslint,8.43.0
format,19.8.1
lint,19.8.1
load,19.8.1
read,19.8.1
types,19.8.1
config-angular-type-enum,19.8.1
file-type,21.0.0
iterare,1.2.1
load-esm,1.0.2
uid,2.0.2
opencollective,0.4.1
path-to-regexp,8.2.0
express,5.1.0
type-is,2.0.1
media-typer,1.1.0
multer,2.0.2
undici-types,6.21.0
follow-redirects,1.15.6
form-data,4.0.4
eslint-utils,4.8.0
config-array,0.21.0
config-helpers,0.3.1
core,0.15.2
plugin-kit,0.3.5
estree,1.0.6
eslint-scope,8.4.0
esutils,2.0.2
jiti,2.4.2
optionator,0.9.3
commander,14.0.0
listr2,9.0.3
string-width,7.0.0
emoji-regex,10.3.0
nano-spawn,1.0.2
pidtree,0.6.0
yaml,2.8.1
defaults-deep,1.1.0
rest,21.1.1
plugin-request-log,5.3.1
typeof,1.2.8
async-retry,1.3.3
c12,3.1.0
eta,3.5.0
inquirer,12.7.0
issue-parser,7.0.1
open,10.2.0
ora,8.2.0
cli-cursor,5.0.0
is-unicode-supported,2.0.0
restore-cursor,5.1.0
onetime,7.0.0
os-name,6.1.0
proxy-agent,6.5.0
undici,6.21.3
url-join,5.0.0
wildcard-match,5.1.4
bs-logger,0.2.6
lodash.memoize,4.1.2
is-ignored,19.8.1
parse,19.8.1
rules,19.8.1
config-validator,19.8.1
execute-rule,19.8.1
resolve-extends,19.8.1
cosmiconfig-typescript-loader,6.1.0
lodash.uniq,4.5.0
top-level,19.8.1
find-up,7.0.0
git-raw-commits,4.0.0
conventional-commits-parser,5.0.1
inflate,0.2.7
strtok3,10.2.2
token-types,6.0.0
uint8array-extras,1.4.0
csprng,1.0.1
accepts,2.0.0
mime-types,3.0.0
mime-db,1.53.0
body-parser,2.2.0
content-disposition,1.0.0
cookie-signature,1.2.2
finalhandler,2.1.0
fresh,2.0.0
merge-descriptors,2.0.0
router,2.2.0
send,1.2.0
serve-static,2.2.0
append-field,1.0.0
busboy,1.6.0
word-wrap,1.2.6
deep-is,0.1.3
cli-truncate,4.0.0
colorette,2.0.20
log-update,6.1.0
ansi-escapes,7.0.0
slice-ansi,7.1.0
is-fullwidth-code-point,5.0.0
rfdc,1.4.1
core,6.1.5
plugin-paginate-rest,11.6.0
types,13.10.0
openapi-types,24.2.0
plugin-rest-endpoint-methods,13.5.0
retry,0.13.1
confbox,0.2.2
defu,6.1.4
dotenv,16.6.1
exsolve,1.0.7
giget,2.0.0
ohash,2.0.11
perfect-debounce,1.0.0
pkg-types,2.2.0
rc9,2.1.2
core,10.1.14
prompts,7.6.0
run-async,4.0.4
lodash.capitalize,4.2.1
lodash.escaperegexp,4.1.2
lodash.isstring,4.0.1
lodash.uniqby,4.7.0
default-browser,5.2.1
is-inside-container,1.0.0
wsl-utils,0.1.0
is-interactive,2.0.0
stdin-discarder,0.2.2
macos-release,3.3.0
windows-release,6.1.0
pac-proxy-agent,7.1.0
foreground-child,3.1.1
signal-exit,4.0.2
remapping,2.2.0
helpers,7.27.6
types,7.27.6
sourcemap-codec,1.4.14
babel-plugin-istanbul,7.0.0
conventional-changelog-angular,7.0.0
conventional-commits-parser,5.0.0
ensure,19.8.1
message,19.8.1
to-lines,19.8.1
global-directory,4.0.1
dargs,8.1.0
meow,12.1.1
balanced-match,1.0.0
fflate,0.8.2
token,0.3.0
peek-readable,7.0.0
raw-body,3.0.0
streamsearch,1.1.0
buffer-from,1.1.1
typebox,0.34.38
flatted,3.3.1
istanbul-lib-coverage,3.2.0
unrs-resolver,1.11.1
istanbul-lib-report,1.1.1
yargs-parser,13.0.0
auth-token,5.1.2
graphql,8.2.2
request-error,6.1.8
request,9.2.3
types,14.0.0
before-after-hook,3.0.2
universal-user-agent,7.0.2
citty,0.1.6
node-fetch-native,1.6.6
nypm,0.6.0
destr,2.0.5
checkbox,4.1.9
confirm,5.1.13
editor,4.2.14
expand,4.0.16
input,4.2.0
number,3.0.16
password,4.0.16
rawlist,4.1.4
search,3.0.16
select,4.2.4
oxlint,1.6.0
bundle-name,4.1.0
default-browser-id,5.0.0
is-docker,3.0.0
is-wsl,3.1.0
get-east-asian-width,1.2.0
get-uri,6.0.4
strip-ansi,7.0.1
gen-mapping,0.1.1
compat-data,7.27.5
browserslist,4.25.0
resolve-uri,3.1.0
is-text-path,2.0.0
lodash.camelcase,4.3.0
lodash.kebabcase,4.1.1
lodash.snakecase,4.1.1
lodash.startcase,4.4.0
lodash.upperfirst,4.3.1
fast-uri,3.0.6
ini,4.1.1
lines-and-columns,1.1.6
resolver-binding-android-arm-eabi,1.11.1
resolver-binding-android-arm64,1.11.1
resolver-binding-darwin-arm64,1.11.1
resolver-binding-darwin-x64,1.11.1
resolver-binding-freebsd-x64,1.11.1
resolver-binding-linux-arm-gnueabihf,1.11.1
resolver-binding-linux-arm-musleabihf,1.11.1
resolver-binding-linux-arm64-gnu,1.11.1
resolver-binding-linux-arm64-musl,1.11.1
resolver-binding-linux-ppc64-gnu,1.11.1
resolver-binding-linux-riscv64-gnu,1.11.1
resolver-binding-linux-riscv64-musl,1.11.1
resolver-binding-linux-s390x-gnu,1.11.1
resolver-binding-linux-x64-gnu,1.11.1
resolver-binding-linux-x64-musl,1.11.1
resolver-binding-wasm32-wasi,1.11.1
resolver-binding-win32-arm64-msvc,1.11.1
resolver-binding-win32-ia32-msvc,1.11.1
resolver-binding-win32-x64-msvc,1.11.1
napi-postinstall,0.3.3
environment,1.1.0
endpoint,10.1.4
fast-content-type-parse,2.0.1
openapi-types,25.0.0
darwin-arm64,1.6.0
darwin-x64,1.6.0
linux-arm64-gnu,1.6.0
linux-arm64-musl,1.6.0
linux-x64-gnu,1.6.0
linux-x64-musl,1.6.0
win32-arm64,1.6.0
win32-x64,1.6.0
run-applescript,7.0.0
sourcemap-codec,1.4.13
caniuse-lite,1.0.30001722
electron-to-chromium,1.5.166
text-extensions,2.4.0
wasm-runtime,0.2.12
mimic-function,5.0.1
core,1.5.0
runtime,1.5.0
wasm-util,0.10.0
p-limit,2.2.0
wasi-threads,1.1.0
async,2.6.3
lodash,4.17.14
cheerio,0.22.0
codecov.io,0.1.6
request,2.42.0
coveralls,2.13.3
js-yaml,3.6.1
request,2.79.0
stringstream,0.0.6
aws-sign2,0.6.0
caseless,0.11.0
combined-stream,1.0.6
forever-agent,0.6.1
form-data,2.1.4
hawk,3.1.3
http-signature,1.1.1
mime-types,2.1.18
oauth-sign,0.8.2
qs,6.3.2
uuid,3.2.1
boom,2.10.1
cryptiles,2.0.5
hoek,2.16.3
sntp,1.0.9
assert-plus,0.2.0
curl-amd,0.8.12
docdown,0.7.3
dojo,1.15.0
ecstatic,2.2.2
fs-extra,1.0.0
glob,7.1.4
istanbul,0.4.5
async,1.5.2
glob,5.0.15
supports-color,3.2.3
jquery,3.4.1
jscs,3.0.7
commander,2.9.0
estraverse,4.2.0
htmlparser2,3.8.3
js-yaml,3.4.6
lodash,3.10.1
domhandler,2.3.0
entities,1.0.0
readable-stream,1.1.14
lodash-doc-globals,0.1.2
lodash,4.17.20
markdown-doctest,0.9.1
optional-dev-dependency,2.0.1
yargs,7.1.0
camelcase,3.0.0
cliui,3.2.0
platform,1.3.5
qunit-extras,3.0.0
qunitjs,2.4.1
chokidar,1.6.1
resolve,1.3.2
request,2.88.0
aws-sign2,0.7.0
aws4,1.8.0
caseless,0.12.0
form-data,2.3.3
har-validator,5.1.3
http-signature,1.2.0
mime-types,2.1.24
oauth-sign,0.9.0
qs,6.5.2
safe-buffer,5.2.0
tough-cookie,2.4.3
uuid,3.3.2
assert-plus,1.0.0
mime-db,1.40.0
requirejs,2.3.6
sauce-tunnel,2.5.0
uglify-js,2.7.5
async,0.2.10
source-map,0.5.7
webpack,1.15.0
css-select,1.2.0
dom-serializer,0.1.0
domelementtype,1.1.3
entities,1.1.1
htmlparser2,3.9.2
lodash.assignin,4.2.0
lodash.bind,4.2.1
lodash.filter,4.6.0
lodash.flatten,4.4.0
lodash.foreach,4.5.0
lodash.map,4.6.0
lodash.pick,4.4.0
lodash.reduce,4.6.0
lodash.reject,4.6.0
lodash.some,4.6.0
urlgrey,0.4.0
lcov-parse,0.0.10
log-driver,1.2.5
minimist,1.2.0
doctrine,2.0.0
url-join,2.0.5
graceful-fs,4.1.11
jsonfile,2.4.0
klaw,1.3.1
inherits,2.0.3
minimatch,3.0.4
abbrev,1.0.9
escodegen,1.8.1
esprima,2.7.3
handlebars,4.1.2
uglify-js,3.6.0
commander,2.20.0
js-yaml,3.13.1
resolve,1.1.7
which,1.3.0
cli-table,0.3.1
cst,0.4.10
jscs-jsdoc,2.0.0
jscs-preset-wikimedia,1.0.1
jsonlint,1.6.3
natural-compare,1.2.2
pathval,0.1.1
prompt,0.2.14
reserved-words,0.1.2
strip-bom,2.0.0
strip-json-comments,1.0.4
to-double-quotes,2.0.0
to-single-quotes,2.0.1
vow-fs,0.3.6
vow,0.4.18
xmlbuilder,3.1.0
babel-core,6.26.0
babel-preset-es2015,6.24.1
babel-preset-stage-0,6.24.1
cross-spawn,5.1.0
lodash.assign,4.2.0
exists-stat,1.0.0
findup-sync,0.4.3
js-reporters,1.2.0
walk-sync,0.3.1
isstream,0.1.2
performance-now,2.1.0
uglify-to-browserify,1.0.2
yargs,3.10.0
acorn,3.3.0
interpret,0.6.6
loader-utils,0.2.17
memory-fs,0.3.0
node-libs-browser,0.7.0
optimist,0.6.1
minimist,0.0.10
wordwrap,0.0.3
watchpack,0.2.9
async,0.9.2
webpack-core,0.6.9
source-map,0.4.4
css-what,2.1.0
domutils,1.5.1
nth-check,1.0.1
domelementtype,1.3.0
domhandler,2.4.1
readable-stream,2.3.6
aws-sign2,0.5.0
bl,0.9.5
caseless,0.6.0
forever-agent,0.5.2
form-data,0.1.4
mime,1.2.11
hawk,1.1.1
http-signature,0.10.1
mime-types,1.0.2
node-uuid,1.4.8
oauth-sign,0.4.0
qs,1.2.2
tough-cookie,2.3.4
tunnel-agent,0.4.3
tape,2.3.0
aws4,1.7.0
extend,3.0.1
har-validator,2.0.6
estraverse,1.9.3
optionator,0.8.2
source-map,0.2.0
neo-async,2.6.1
has-flag,1.0.0
graceful-readlink,1.0.1
babel-runtime,6.26.0
babylon,6.18.0
source-map-support,0.4.18
inherit,2.2.6
comment-parser,0.3.2
jsdoctypeparser,1.2.0
JSV,4.0.2
nomnom,1.8.1
chalk,0.4.0
ansi-styles,1.0.0
strip-ansi,0.1.1
pkginfo,0.4.1
read,1.0.7
revalidator,0.1.8
utile,0.2.1
winston,0.8.3
colors,0.6.2
pkginfo,0.3.1
is-utf8,0.2.1
vow-queue,0.4.3
babel-code-frame,6.26.0
babel-generator,6.26.1
babel-helpers,6.24.1
babel-messages,6.23.0
babel-register,6.26.0
babel-template,6.26.0
babel-traverse,6.26.0
babel-types,6.26.0
convert-source-map,1.5.1
json5,0.5.1
private,0.1.8
slash,1.0.0
babel-plugin-check-es2015-constants,6.22.0
babel-plugin-transform-es2015-arrow-functions,6.22.0
babel-plugin-transform-es2015-block-scoped-functions,6.22.0
babel-plugin-transform-es2015-block-scoping,6.26.0
babel-plugin-transform-es2015-classes,6.24.1
babel-plugin-transform-es2015-computed-properties,6.24.1
babel-plugin-transform-es2015-destructuring,6.23.0
babel-plugin-transform-es2015-duplicate-keys,6.24.1
babel-plugin-transform-es2015-for-of,6.23.0
babel-plugin-transform-es2015-function-name,6.24.1
babel-plugin-transform-es2015-literals,6.22.0
babel-plugin-transform-es2015-modules-amd,6.24.1
babel-plugin-transform-es2015-modules-commonjs,6.26.0
babel-plugin-transform-es2015-modules-systemjs,6.24.1
babel-plugin-transform-es2015-modules-umd,6.24.1
babel-plugin-transform-es2015-object-super,6.24.1
babel-plugin-transform-es2015-parameters,6.24.1
babel-plugin-transform-es2015-shorthand-properties,6.24.1
babel-plugin-transform-es2015-spread,6.22.0
babel-plugin-transform-es2015-sticky-regex,6.24.1
babel-plugin-transform-es2015-template-literals,6.22.0
babel-plugin-transform-es2015-typeof-symbol,6.23.0
babel-plugin-transform-es2015-unicode-regex,6.24.1
babel-plugin-transform-regenerator,6.26.0
babel-plugin-transform-do-expressions,6.22.0
babel-plugin-transform-function-bind,6.22.0
babel-preset-stage-1,6.24.1
lru-cache,4.1.2
shebang-command,1.2.0
get-caller-file,1.0.2
os-locale,1.4.0
read-pkg-up,1.0.1
require-main-filename,1.0.1
string-width,1.0.2
which-module,1.0.0
y18n,3.2.1
yargs-parser,5.0.0
anymatch,1.3.2
async-each,1.0.1
fsevents,1.2.2
node-pre-gyp,0.9.1
detect-libc,1.0.3
needle,2.2.0
nopt,4.0.1
npm-packlist,1.1.10
rc,1.2.6
rimraf,2.6.2
semver,5.5.0
tar,4.4.1
iconv-lite,0.4.21
sax,1.2.4
osenv,0.1.5
ignore-walk,3.0.1
npm-bundled,1.0.3
are-we-there-yet,1.1.4
gauge,2.7.4
deep-extend,0.4.2
ini,1.3.5
glob,7.1.2
chownr,1.0.1
fs-minipass,1.2.5
minipass,2.2.4
minizlib,1.1.0
safe-buffer,5.1.1
yallist,3.0.2
os-homedir,1.0.2
aproba,1.2.0
signal-exit,3.0.2
wide-align,1.1.2
process-nextick-args,2.0.0
code-point-at,1.1.0
is-fullwidth-code-point,1.0.0
number-is-nan,1.0.1
glob-parent,2.0.0
is-binary-path,1.0.1
is-glob,2.0.1
readdirp,2.1.0
detect-file,0.1.0
micromatch,2.3.11
resolve-dir,0.1.1
path-parse,1.0.5
ensure-posix-path,1.0.2
matcher-collection,1.0.5
ajv,6.10.2
har-schema,2.0.0
jsprim,1.4.1
sshpk,1.14.1
asn1,0.2.3
psl,1.2.0
cliui,2.1.0
wordwrap,0.0.2
window-size,0.1.0
big.js,3.2.0
emojis-list,2.1.0
errno,0.1.7
assert,1.4.1
browserify-zlib,0.1.4
buffer,4.9.1
console-browserify,1.1.0
constants-browserify,1.0.0
crypto-browserify,3.3.0
domain-browser,1.2.0
events,1.1.1
https-browserify,0.0.1
os-browserify,0.2.1
path-browserify,0.0.0
querystring-es3,0.2.1
stream-browserify,2.0.1
stream-http,2.8.1
timers-browserify,2.0.10
tty-browserify,0.0.0
url,0.11.0
punycode,1.3.2
util,0.10.3
inherits,2.0.1
vm-browserify,0.0.4
chokidar,1.7.0
source-list-map,0.1.8
combined-stream,0.0.7
boom,0.4.2
cryptiles,0.2.2
hoek,0.9.1
sntp,0.2.4
asn1,0.1.11
assert-plus,0.1.5
ctype,0.5.3
deep-equal,0.1.2
defined,0.0.0
jsonify,0.0.0
resumer,0.0.0
split,0.2.10
stream-combiner,0.0.4
is-my-json-valid,2.17.2
mime-db,1.33.0
levn,0.3.0
prelude-ls,1.1.2
type-check,0.3.2
amdefine,1.0.1
core-js,2.5.5
regenerator-runtime,0.11.1
underscore,1.6.0
mute-stream,0.0.7
i,0.3.6
ncp,0.4.2
cycle,1.0.3
eyes,0.1.8
stack-trace,0.0.10
js-tokens,3.0.2
detect-indent,4.0.0
jsesc,1.3.0
trim-right,1.0.1
home-or-tmp,2.0.0
globals,9.18.0
invariant,2.2.4
to-fast-properties,1.0.3
babel-helper-define-map,6.26.0
babel-helper-function-name,6.24.1
babel-helper-optimise-call-expression,6.24.1
babel-helper-replace-supers,6.24.1
babel-plugin-transform-strict-mode,6.24.1
babel-helper-hoist-variables,6.24.1
babel-helper-call-delegate,6.24.1
babel-helper-get-function-arity,6.24.1
babel-helper-regex,6.26.0
regexpu-core,2.0.0
regenerator-transform,0.10.1
babel-plugin-syntax-do-expressions,6.13.0
babel-plugin-syntax-function-bind,6.13.0
babel-plugin-transform-class-constructor-call,6.24.1
babel-plugin-transform-export-extensions,6.22.0
babel-preset-stage-2,6.24.1
shebang-regex,1.0.0
wrap-ansi,2.1.0
lcid,1.0.0
find-up,1.1.2
read-pkg,1.1.0
normalize-path,2.1.1
,2.10.0
binary-extensions,1.11.0
is-extglob,1.0.0
set-immediate-shim,1.0.1
fs-exists-sync,0.1.0
arr-diff,2.0.0
array-unique,0.2.1
braces,1.8.5
expand-brackets,0.1.5
extglob,0.3.2
filename-regex,2.0.1
kind-of,3.2.2
object.omit,2.0.1
parse-glob,3.0.4
regex-cache,0.4.4
expand-tilde,1.2.2
global-modules,0.2.3
fast-json-stable-stringify,2.0.0
uri-js,4.2.2
extsprintf,1.3.0
json-schema,0.2.3
verror,1.10.0
bcrypt-pbkdf,1.0.1
dashdash,1.14.1
ecc-jsbn,0.1.1
getpass,0.1.7
jsbn,0.1.1
tweetnacl,0.14.5
center-align,0.1.3
right-align,0.1.3
pako,0.2.9
base64-js,1.3.0
ieee754,1.1.11
date-now,0.1.4
browserify-aes,0.4.0
pbkdf2-compat,2.0.1
ripemd160,0.2.0
sha.js,2.2.6
builtin-status-codes,3.0.0
to-arraybuffer,1.0.1
xtend,4.0.1
querystring,0.2.0
delayed-stream,0.0.5
duplexer,0.1.1
generate-function,2.0.0
generate-object-property,1.2.0
is-my-ip-valid,1.0.0
jsonpointer,4.0.1
has-color,0.1.7
repeating,2.0.1
loose-envify,1.3.1
regenerate,1.3.3
regjsgen,0.2.0
regjsparser,0.1.5
babel-plugin-syntax-class-constructor-call,6.18.0
babel-plugin-syntax-export-extensions,6.13.0
babel-plugin-syntax-dynamic-import,6.18.0
babel-plugin-transform-class-properties,6.24.1
babel-plugin-transform-decorators,6.24.1
babel-preset-stage-3,6.24.1
invert-kv,1.0.0
path-exists,2.1.0
load-json-file,1.1.0
normalize-package-data,2.4.0
path-type,1.1.0
remove-trailing-separator,1.1.0
arr-flatten,1.1.0
expand-range,1.8.2
preserve,0.2.0
repeat-element,1.1.2
is-posix-bracket,0.1.1
is-buffer,1.1.6
for-own,0.1.5
is-extendable,0.1.1
glob-base,0.3.0
is-dotfile,1.0.3
is-equal-shallow,0.1.3
global-prefix,0.1.5
is-windows,0.2.0
align-text,0.1.4
lazy-cache,1.0.4
is-property,1.0.2
is-finite,1.0.2
babel-plugin-syntax-class-properties,6.13.0
babel-helper-explode-class,6.24.1
babel-plugin-syntax-decorators,6.13.0
babel-plugin-syntax-trailing-function-commas,6.22.0
babel-plugin-transform-async-generator-functions,6.24.1
babel-plugin-transform-async-to-generator,6.24.1
babel-plugin-transform-exponentiation-operator,6.24.1
babel-plugin-transform-object-rest-spread,6.26.0
parse-json,2.2.0
hosted-git-info,2.6.0
is-builtin-module,1.0.0
validate-npm-package-license,3.0.3
fill-range,2.2.4
for-in,1.0.2
is-primitive,2.0.0
homedir-polyfill,1.0.1
longest,1.0.1
repeat-string,1.6.1
babel-helper-bindify-decorators,6.24.1
babel-helper-remap-async-to-generator,6.24.1
babel-plugin-syntax-async-generators,6.13.0
babel-plugin-syntax-async-functions,6.13.0
babel-helper-builder-binary-assignment-operator-visitor,6.24.1
babel-plugin-syntax-exponentiation-operator,6.13.0
babel-plugin-syntax-object-rest-spread,6.13.0
error-ex,1.3.1
builtin-modules,1.1.1
spdx-correct,3.0.0
spdx-expression-parse,3.0.0
is-number,2.1.0
isobject,2.1.0
randomatic,3.1.1
is-number,4.0.0
kind-of,6.0.2
parse-passwd,1.0.0
babel-helper-explode-assignable-expression,6.24.1
spdx-license-ids,3.0.0
spdx-exceptions,2.1.0
math-random,1.0.4
